id,NTT-6N,NTC4,NTC5,NTC6,NTT4,NTT5,NTT6,MTT1,MTT2,MTT3,NTTR1,NTTR2,NTTR3,circ_ligase
EBV-1-1,121,131,127,138,110,156,138,156,282,298,675,489,1742,12519.0
EBV-1-2,9506,10439,8135,7916,14007,14178,14679,7530,9102,9838,1101,6116,1123,4724.0
EBV-1-2-star,858,232,214,196,842,820,849,518,679,977,663,695,1676,428.0
EBV-1-3,1026,1313,1298,1445,1185,1270,1512,688,1152,1198,9746,580,9885,1803.0
EBV-1-3P,2084,1247,934,852,1178,1016,1493,2018,2367,3063,39512,7212,18478,630.0
EBV-1-5P,47245,47621,41697,46334,54211,58375,69368,43345,58207,68342,2423,16471,7326,1863.0
EBV-10,153,212,228,286,166,255,231,341,431,494,197,1140,923,29700.0
EBV-11-3P,4317,392,344,363,2081,2293,3133,1752,2279,2976,1259,1746,2994,8586.0
EBV-11-5P,45016,38839,31598,31666,37471,36950,40993,27912,35109,36738,230,11234,620,8626.0
EBV-12,2714,6846,5298,5444,7426,8096,8775,11982,14920,14164,10611,15155,5081,12832.0
EBV-13,7834,3409,2761,2752,2573,2863,3668,2079,2762,3023,345,4547,465,13043.0
EBV-14-3P,86,80,70,78,70,84,122,94,187,229,2676,368,7102,3467.0
EBV-14-5P,11467,10512,8822,8299,14243,13215,14574,6770,9803,11038,6320,7188,20361,9933.0
EBV-15,23351,18951,15595,17499,21039,22660,23733,15378,19560,19928,11933,16392,19236,7016.0
EBV-16,732,1175,950,1155,1579,1664,1928,1772,2768,2837,4306,4264,6500,386.0
EBV-17-3P,12853,5064,3626,3637,5361,5483,6383,5953,8475,10509,9363,36345,34623,14158.0
EBV-17-5P,4239,2235,1841,2498,2221,2211,3117,1480,2353,3194,417,1267,1680,2398.0
EBV-18-3P,1922,625,695,848,2958,3115,3141,1926,2864,3017,1753,1900,2346,6726.0
EBV-18-5P,9435,7386,6335,5978,9736,9008,9986,5515,7237,9510,1679,6459,6861,8512.0
EBV-19-3P,1094,1972,1433,1377,3199,3561,3685,2883,4166,3723,3574,7033,13966,1251.0
EBV-19-5P,8205,5509,4694,4775,6892,7023,8307,4380,6067,7808,840,2013,1616,6842.0
EBV-2-3P,6477,3987,2916,3104,3006,3465,4245,2068,2785,3201,2573,3002,3281,3405.0
EBV-2-5P,708,1063,826,832,1608,1444,1547,1368,1812,1820,7423,4052,22322,2807.0
EBV-20-3P,625,839,838,601,641,846,913,639,961,941,436,2869,2800,20440.0
EBV-20-5P,57064,11539,9287,7227,38789,37390,52414,26850,32858,41101,2891,49874,5925,3292.0
EBV-3-3P,1306,517,305,346,345,460,708,579,763,872,1746,3732,1278,17935.0
EBV-3-5P,471,454,379,418,495,531,689,600,759,781,820,1791,2684,1349.0
EBV-4,4526,3131,2809,3104,3540,3413,4411,3581,4668,5041,11727,19781,14218,23334.0
EBV-5,9227,4268,3448,3929,6308,6213,7679,4381,6195,8004,877,1856,2223,17413.0
EBV-6-3P,78933,14937,13612,15086,17579,17665,23919,13875,18624,22414,5389,30948,9548,17927.0
EBV-6-5P,12121,7705,6588,8363,11333,12172,13722,7206,11056,12532,1056,3094,3363,16133.0
EBV-7,7311,7144,6176,7083,8828,9948,11164,6796,10103,11732,1559,2328,3568,2075.0
EBV-8-3P,22733,16446,13016,15260,12447,14619,16833,9300,14156,14634,2424,15487,12879,11244.0
EBV-8-5P,25845,12494,9922,10302,17004,18138,19883,11089,14699,16223,1957,5480,5458,3536.0
EBV-9,614,870,687,883,1277,1054,1226,1247,1455,1699,2405,3098,4629,16515.0
HCMV-UL112,376,279,151,309,170,233,249,173,428,498,170,1397,2366,16254.0
HCMV-UL148D,208056,43934,39556,32507,90870,87151,104450,55916,69684,81121,6054,45537,14260,17798.0
HCMV-UL22A,1596,1291,905,1161,1703,1629,1765,977,1229,1516,451,1049,1421,7614.0
HCMV-UL22A-star,18658,18969,16048,14946,25476,26579,30632,16955,22524,26921,2636,6012,6389,1300.0
HCMV-UL36,65112,11943,8903,8994,15718,15793,25106,10823,14299,19775,1893,32478,16553,9406.0
HCMV-UL70-3P,89416,24998,20718,21781,31714,32051,42710,23398,33145,29749,4640,12979,6918,2635.0
HCMV-UL70-5P,20650,7465,6116,5904,9775,8981,11824,6129,8110,8289,3371,11174,6380,8931.0
HCMV-US25-1,651,210,229,253,577,676,821,410,565,666,180,488,813,11135.0
HCMV-US25-2-3P,12905,7512,7026,8581,13536,13569,13896,8193,13735,13798,2387,3937,6009,19081.0
HCMV-US25-2-5P,26735,14553,11498,13220,13021,13387,16597,10491,14626,15218,2695,14805,13937,10950.0
HCMV-US33-3P,2788,1348,899,1042,1752,1629,2316,1118,1573,2301,353,1411,1793,17162.0
HCMV-US33-5P,918,518,480,363,530,485,618,355,432,314,436,176,143,2339.0
HCMV-US4,313,112,90,175,91,90,117,256,246,328,279,1100,630,4301.0
HCMV-US5-1,1000,344,128,287,333,344,510,467,520,788,1519,3963,2324,19876.0
HCMV-US5-2,6495,3873,3026,3488,11866,12399,12360,8051,11530,10650,3794,6969,11283,2129.0
HIV1-H1,807,119,166,164,819,911,1094,391,766,702,263,532,271,3712.0
HIV1-N367,8454,7068,6271,6979,6013,6658,6750,4291,6045,6365,2872,3855,6181,3077.0
HSV1-H1,110957,34365,27281,31554,33274,37765,55399,30195,41699,47928,6021,32834,17867,15497.0
HSV1-LAT,1140,90,76,94,433,522,505,279,382,388,187,748,507,18855.0
KSHV-K12-1,2564,1243,1046,1540,3829,4197,4269,2709,4255,4953,1078,2488,4275,2039.0
KSHV-K12-10A,12477,1771,1444,1521,8075,7790,10422,6455,8315,10468,1843,8839,10107,579.0
KSHV-K12-10B,41592,3964,3198,3691,16367,17902,22804,13448,17461,21052,4330,24903,19245,2498.0
KSHV-K12-11,10938,10792,8724,9591,13875,13627,13076,7326,11067,12082,3937,8686,14243,5713.0
KSHV-K12-12,34420,18389,16841,14606,30436,29482,32613,17369,23905,26521,3915,6054,3738,27722.0
KSHV-K12-2,6555,4424,4002,4494,5985,6236,6370,3657,5153,5052,1581,1585,1944,15061.0
KSHV-K12-3,4604,3930,3390,3939,4261,4667,5271,2875,4393,5139,934,3209,5690,19296.0
KSHV-K12-3-star,819,231,105,178,296,261,356,244,325,351,53,470,225,1583.0
KSHV-K12-4-3P,14191,6785,4878,4995,6169,6206,9855,4771,6168,8481,957,8662,6058,17802.0
KSHV-K12-4-5P,91350,31305,25175,26839,39108,38422,54157,27647,37224,46485,5401,23003,11403,10614.0
KSHV-K12-5,119896,43690,39658,38960,64244,67899,90785,51367,70371,96624,3823,30579,24171,16588.0
KSHV-K12-6-3P,110868,46264,38696,42322,52961,57062,71566,46706,61020,62850,8771,30686,19443,7946.0
KSHV-K12-6-5P,48724,26970,23172,23319,37987,38268,48733,22907,32160,40931,5513,11403,7286,9541.0
KSHV-K12-7,6251,3346,2884,2737,4170,4541,5415,4908,6133,6002,7307,29029,17541,26213.0
KSHV-K12-8,25341,12103,10027,11258,12173,12448,19579,10788,15213,20206,889,7119,7119,20130.0
KSHV-K12-9,904,389,289,271,311,297,337,219,338,459,286,573,663,387.0
KSHV-K12-9-star,32,6,5,17,24,33,53,17,15,42,10,91,169,109.0
LET-7A,3805,2034,1380,1648,1516,1423,2043,2170,2852,3038,9265,14850,11221,1171.0
LET-7B,5975,4882,3480,4217,3945,4201,5380,7890,10500,9363,22456,24216,20502,1596.0
LET-7C,6821,4703,3076,3537,3312,3358,4326,6220,8196,7754,24467,28838,21286,2729.0
LET-7D,4327,3544,2300,2560,2237,2616,3195,4459,5355,5657,13487,18886,16223,3571.0
LET-7D-star,4943,4715,3310,3234,4794,4261,5393,6052,7618,10262,22980,24971,27802,6051.0
LET-7E,7591,5466,3717,4388,3700,3883,4799,6097,7690,7161,24172,32646,19489,3032.0
LET-7F,8018,4941,3078,3461,3324,3335,4292,5061,6156,5405,17517,30238,15176,2354.0
LET-7G,6223,4317,2555,3044,2636,3279,3737,4607,5576,5670,17336,25958,17285,5062.0
LET-7I,5193,3764,2460,3269,2463,3156,3740,5843,8015,8090,27720,22890,19522,2975.0
MGHV-M1-1,3757,2334,1494,1602,1824,1463,2385,3205,4199,5103,15992,14201,11561,5256.0
MGHV-M1-2,1921,2181,1265,1361,1923,1987,2206,2787,3350,3916,28932,4999,5106,6945.0
MGHV-M1-3,3732,2811,2581,2950,1578,1692,1929,2543,3376,4061,8501,14703,10810,5929.0
MGHV-M1-4,100681,20928,16135,13783,31722,29594,41190,17707,20243,28746,8412,60506,21933,6609.0
MGHV-M1-5,28372,5666,5040,5139,14787,15743,19209,12491,17138,19304,9596,27127,22843,2677.0
MGHV-M1-6,6213,5107,3587,4447,3114,3287,4162,6945,9013,8862,95964,33908,22389,3706.0
MGHV-M1-7-3P,5966,2442,1369,1577,1781,1800,2588,2746,3440,3718,19902,21323,11393,7630.0
MGHV-M1-7-5P,587,810,631,750,712,903,949,493,815,763,1173,2676,2555,1220.0
MGHV-M1-8,18859,4238,3594,3656,12929,12930,15594,9217,11433,12408,6473,11825,7492,6314.0
MGHV-M1-9,1482,3456,2163,1999,2513,2413,2698,3780,4288,4923,38256,7548,10601,1876.0
MIR-1,1294,581,241,394,284,373,519,800,838,1005,2062,3089,1396,864.0
MIR-1-rno,12767,2983,1894,2017,6133,6260,9116,5323,5892,7217,1373,35067,1765,2313.0
MIR-1-star,9958,2535,2315,2772,13158,13650,15662,9520,13559,15835,517,11656,1189,26950.0
MIR-100,11590,4904,4121,4099,7059,6465,7555,4095,5556,6395,425,1865,924,44496.0
MIR-101,1333,1414,1047,1189,1452,1643,1830,872,1178,1068,3046,1336,9061,1638.0
MIR-101B,976,997,887,969,1241,1325,1354,657,951,894,1288,632,4677,3021.0
MIR-103,25259,12371,9682,11056,9595,10538,15022,7789,10435,12079,3570,13595,5621,27006.0
MIR-105-hsa,501,513,472,529,772,806,789,659,1139,1777,2729,2824,9571,5987.0
MIR-105-mmu,924,1285,1289,1584,1232,1418,1297,1574,2296,2185,255,4758,513,11030.0
MIR-105-rno,1114,2011,1645,1956,1701,1765,2095,2672,3225,3765,1255,6271,1479,6279.0
MIR-106A-hsa,1591,1247,919,1231,1088,1097,1401,957,1269,1355,213,513,334,5806.0
MIR-106A-mmu,3851,5108,4491,5473,3785,3982,4606,2842,4061,4632,1787,1179,6702,2028.0
MIR-106B,56,64,67,74,41,39,59,41,135,113,3992,252,7053,5351.0
MIR-107,17808,10439,8058,9369,8354,8446,11723,6533,8459,10387,4329,9141,6452,15403.0
MIR-10A,31265,29229,25041,24565,39432,37733,37411,20984,26795,27630,9909,8110,17487,10875.0
MIR-10B,26038,25380,21940,20945,31067,30155,32063,17317,23314,25510,129,6721,428,17919.0
MIR-122,147444,55979,42576,44220,55474,55722,74782,49305,59063,62693,5437,37693,16686,1729.0
MIR-124,448,163,94,146,582,591,546,314,565,775,2971,556,7665,5387.0
MIR-125A-5P,37401,33443,27350,24887,39948,40184,47004,22542,29011,32395,1629,24811,4915,11918.0
MIR-125B,16814,14472,10539,9709,17732,18350,22138,10734,13799,15708,2530,10924,3674,8134.0
MIR-126-3P,85973,24169,20138,17971,32076,32660,45479,22595,27873,37649,2244,16474,4087,6216.0
MIR-126-5P,7921,9794,7963,8493,14573,14905,14415,8710,11661,12595,10114,2316,2398,28304.0
MIR-127,8585,1246,1254,1356,1846,1883,2316,1644,2174,2385,419,4838,502,3335.0
MIR-128,458,661,445,477,447,387,516,651,1123,1099,4839,2008,11185,4684.0
MIR-129-3P,323,225,92,206,130,203,304,234,455,518,589,679,692,19144.0
MIR-129-5P,7242,2315,1717,1951,7236,8288,8682,5978,7855,9272,517,7023,569,7478.0
MIR-130A,132,150,89,97,165,144,211,218,265,363,837,655,1862,17294.0
MIR-130B,133,179,109,119,50,134,188,154,398,381,1875,519,1974,5107.0
MIR-132,4639,4586,3799,4672,6593,6418,7474,3933,6125,6416,871,1451,1024,11806.0
MIR-133A,8873,3207,2531,2867,9879,9890,10527,6358,8883,10100,605,2163,1165,6529.0
MIR-133A-star,276,138,147,123,135,130,200,317,428,638,3975,1655,17463,31746.0
MIR-133B,1616,4834,3989,4187,2001,2116,1968,1192,1684,1905,3391,991,12320,5146.0
MIR-134,80197,23225,20216,23244,23857,24172,31930,22845,31644,38155,2531,21260,8152,11530.0
MIR-135A,13364,21321,15966,17191,23850,24423,24408,14106,18254,19233,1852,8417,7081,9446.0
MIR-135B,8519,10935,9083,9344,12427,12846,13130,8019,10534,11251,932,5781,2103,5891.0
MIR-136,9571,5942,5221,6285,10785,11705,10714,7338,10589,10715,2421,4944,5006,3424.0
MIR-136-2,4707,5500,4830,5892,6953,6985,6356,4602,6699,7020,2069,1377,8618,1222.0
MIR-137,9243,11464,8714,10124,12253,13651,13242,8523,10693,11662,3202,3401,11706,1784.0
MIR-138,37869,26506,22257,24646,25582,27213,32993,21666,28359,31213,199,10510,2252,15826.0
MIR-139-5P,41633,18182,15978,15293,23896,24372,31515,19322,25952,35044,905,12825,2079,4985.0
MIR-140-3P,1533,1636,1558,1793,1269,1702,1777,920,1446,1673,252,1148,918,20591.0
MIR-140-5P,5976,2854,2494,2513,3021,3169,3389,2302,3053,4493,18645,1617,37604,4670.0
MIR-141,1843,1815,1749,2114,1779,1992,2093,1413,1866,2303,275,557,267,3596.0
MIR-142-3P,75340,45035,39607,42384,54979,56595,59705,36561,48131,52993,5624,53129,11539,517.0
MIR-142-5P,55,48,59,49,36,68,107,74,126,162,333,167,874,832.0
MIR-143,4721,1889,1247,1769,1697,1758,2395,2858,3555,4244,5518,19405,9435,7378.0
MIR-144,131,144,107,131,159,138,243,258,390,378,14175,609,16213,4029.0
MIR-145,1678,1922,1505,1895,1920,2175,2499,1449,2334,2481,5594,9318,25441,10653.0
MIR-146A,4874,1777,1445,1633,1436,1488,2060,2775,3868,4061,839,20459,2141,6679.0
MIR-146B-5P,10388,3804,2653,2797,4173,3994,6052,4424,5791,7338,265,44252,810,12660.0
MIR-147A,2452,2602,2151,2515,1913,1996,2351,1510,2396,2249,3369,2290,5275,14751.0
MIR-147B,1184,1208,975,1332,664,577,935,491,803,932,2623,943,3905,6637.0
MIR-148A,1261,1351,856,1023,1734,1832,1630,1500,1818,2408,8133,5153,37040,1354.0
MIR-148B,962,934,779,706,1218,1292,1584,1373,1807,2288,2930,4414,3874,1776.0
MIR-149,60528,10860,10497,9565,63600,62912,72103,41223,54636,67009,2636,45242,5953,18107.0
MIR-150,22851,13489,13069,10182,21410,21465,26902,13873,18371,25288,4030,7257,9692,11373.0
MIR-151-3P,25932,9938,7852,8937,16053,16727,20106,12241,18022,20401,724,8146,8715,2021.0
MIR-151-3P-hsa,30808,15040,13784,14652,22347,24263,28402,16986,25600,31234,1596,10499,3858,3288.0
MIR-151-5P,3133,221,158,197,268,362,453,493,744,1854,747,11761,1701,13072.0
MIR-152,11797,8029,6821,7126,13403,12874,15993,8894,12544,15338,4574,4088,12659,1519.0
MIR-153,4418,540,377,514,1676,1952,2322,1342,1999,2407,1527,3770,345,2728.0
MIR-154,77640,28532,26967,25945,54348,51189,57892,34698,44144,51018,421,20498,2051,4819.0
MIR-154-star,55,92,66,57,46,56,55,154,178,159,1048,353,5521,3636.0
MIR-155,162,304,183,298,453,426,470,437,643,722,1477,1092,4273,1686.0
MIR-155-hsa,498,724,698,751,965,1241,1088,1118,1516,1584,1156,2893,9880,4193.0
MIR-15A,23843,10082,8300,7847,12722,14279,19202,10786,14662,18173,800,6189,5514,1506.0
MIR-15B,37047,16195,12153,10766,18313,18448,27890,11620,15253,20064,1367,18509,1756,2804.0
MIR-16,56045,23206,18608,15255,33423,32608,52233,24752,29608,42526,962,11941,1076,1654.0
MIR-17,4459,5130,4555,5408,4181,3824,4720,3074,4119,4722,608,1306,762,3815.0
MIR-17-star,272,153,121,166,171,198,183,337,265,330,496,855,1275,40337.0
MIR-17-star-mmu,1311,1168,1007,1060,952,1049,1202,633,1271,948,991,637,4372,49050.0
MIR-181A,229,183,162,283,195,254,200,284,412,547,381,816,1130,54538.0
MIR-181A-star,7262,1354,884,1068,5348,5247,6175,3302,5251,6280,216,4199,507,21437.0
MIR-181B,170,232,199,183,175,246,278,231,279,418,824,671,2029,17140.0
MIR-181C,93,69,128,66,37,66,88,136,132,202,2298,294,20430,30272.0
MIR-181D,295,324,279,428,444,547,624,478,806,682,3653,955,17324,3397.0
MIR-182,66694,24211,20435,19573,26554,27314,40752,21413,29001,40785,1651,17375,2789,10390.0
MIR-182-hsa,15729,5829,4550,4673,9658,9661,13062,8310,10887,13762,2134,17124,14833,2620.0
MIR-182-star,8667,3130,2294,2187,2907,3155,4524,2278,3072,3720,2776,5580,13885,7156.0
MIR-183,3822,4146,3340,3019,5654,5457,6016,4855,6602,7475,3240,15301,12405,9105.0
MIR-184,7914,2718,2103,2062,2425,2878,4564,3577,4850,5150,1338,30128,719,14864.0
MIR-185,42442,13313,10678,12234,10619,12130,17008,9896,13514,17885,8726,25613,32654,26636.0
MIR-186,82,107,71,105,134,120,138,117,170,189,1056,343,1314,6511.0
MIR-187,220623,57013,53197,55930,98002,103142,121070,74929,100366,119073,1469,54463,913,11453.0
MIR-188-3P,2184,2175,1535,1594,2282,2045,2459,1297,2116,1926,1246,1357,1907,6585.0
MIR-188-5P,2753,4066,3742,3703,6602,6748,6539,3747,5254,4679,3920,1017,4041,12768.0
MIR-18A,6772,6475,5739,6604,5525,5899,6789,4023,5409,5896,1201,1921,2079,28191.0
MIR-18A-star,1165,1082,911,808,1185,1085,1118,1175,1735,1878,791,3752,1416,9100.0
MIR-18B,6318,8455,7591,8563,8626,8384,8409,5533,7442,7028,4173,2014,3260,8085.0
MIR-18B-hsa,4963,4903,4372,5442,5284,5320,5550,3510,4765,4498,21651,1311,11628,7160.0
MIR-190,894,618,357,506,433,509,700,649,805,938,17963,4694,9284,883.0
MIR-190B,3015,1911,1413,1578,2023,1886,2374,3870,4542,5192,922,16639,1156,4347.0
MIR-190B-rno,2621,1736,1035,1236,1477,1315,1859,3010,3517,3702,7235,13846,33053,1520.0
MIR-191,5030,4318,3539,3817,4535,5216,6013,3210,4465,5046,1254,1378,5860,9172.0
MIR-191-star,31718,8254,8117,8712,31919,33887,37587,23676,33907,35749,39,30180,152,28630.0
MIR-192,6716,1419,1052,1097,5436,5898,7247,4197,6287,8167,191,4825,199,25396.0
MIR-193A-3P,27,5,6,10,8,9,17,1,12,13,162,71,795,484.0
MIR-193B,26,51,57,70,33,33,36,40,57,69,1681,77,8160,18053.0
MIR-193B-mmu,205,166,119,161,200,180,293,184,248,355,971,661,12254,38228.0
MIR-194,17249,6637,5990,6213,6149,7277,9704,5378,7539,10298,7342,12125,49891,5675.0
MIR-195,35499,4388,3332,2549,18548,19873,30909,13881,17380,26758,16434,24623,71559,1276.0
MIR-196A,237975,145768,113426,105606,231548,238108,315511,158855,190992,192163,10878,66385,74728,5955.0
MIR-196B,420544,242844,201938,180613,399614,403550,512870,292823,344122,387127,494,110232,3539,9660.0
MIR-196C,320614,185418,149219,142443,311185,327690,433847,224084,274696,277271,6376,91441,7181,7283.0
MIR-197,3349,632,720,607,3029,2971,3815,2015,3311,4872,593,2398,1101,6878.0
MIR-198,19357,3394,2866,3143,6818,7673,10642,5988,8062,8715,10166,14829,14217,9018.0
MIR-199A-3P,1549,1316,884,967,1114,964,1254,562,864,945,7613,1029,9110,7395.0
MIR-199A-5P,20990,5713,5244,4707,12219,11915,13843,10528,13471,17572,9838,12754,14117,6127.0
MIR-199B-5P,13436,3592,2950,3070,11380,11489,12710,7593,10264,10731,7506,8663,7610,10367.0
MIR-199B-5P-hsa,20422,6779,5345,5318,18220,18501,20600,12461,15940,17450,4744,12890,5723,14538.0
MIR-19A,29296,11798,9578,9577,9972,9461,12261,6212,8100,9434,8315,15491,17883,13778.0
MIR-19B,21405,7909,6606,7497,6227,6523,9075,4805,5963,7555,3277,10965,11566,13997.0
MIR-200A,175,204,84,120,150,179,268,188,153,229,518,932,1153,9708.0
MIR-200A-star,4590,4175,3540,4382,4083,4379,4759,2835,4527,5189,3068,4111,7111,28064.0
MIR-200B,2501,2442,1699,2193,2729,2759,3128,1474,2055,2560,562,1487,1674,9498.0
MIR-200C,3199,3123,2323,3209,3376,4011,4235,1955,2847,3762,370,1826,2334,7361.0
MIR-201,275,632,492,448,439,593,577,559,871,894,7383,1555,2294,207.0
MIR-201-rno,279,707,606,545,459,575,505,750,776,928,23957,1608,2399,544.0
MIR-202-3P,4006,2299,1742,1920,2097,2001,3421,1719,2591,2675,597,2788,2189,9577.0
MIR-202-3P-mmu,25370,12169,9071,10831,11313,11773,17407,9262,13223,14766,1550,15474,13475,14209.0
MIR-202-3P-rno,11199,5744,4302,4671,4057,4762,6886,3518,4918,5987,930,6800,6898,11184.0
MIR-202-5P,973,1988,1385,1399,1808,1661,1527,2090,2859,2753,15435,5149,4181,883.0
MIR-203,21767,11387,8758,11335,11791,12614,15672,8800,13006,15087,2178,6355,6228,9863.0
MIR-204,952,1214,870,883,1618,1568,1742,1214,1829,2041,3253,4930,8329,7855.0
MIR-205,14237,10244,8654,8249,16478,16569,18620,10473,14481,16548,4090,4467,4132,10285.0
MIR-206,225277,77750,62882,71405,106791,114772,161456,83101,106275,116241,13277,76122,35351,4759.0
MIR-207-mmu,11042,2066,1879,1689,8065,8913,8162,5588,7735,9422,9451,11693,14629,3634.0
MIR-207-rno,2499,1741,1488,1571,1664,1562,1691,2046,2722,2819,27302,12434,16337,2917.0
MIR-208A,1,9,13,2,1,1,4,1,1,1,31,24,4,287.0
MIR-208B,101,83,63,93,70,78,113,112,158,235,395,384,595,991.0
MIR-20A,1917,2449,1939,2616,2293,2063,2211,1397,2239,2156,411,562,796,4385.0
MIR-20A-star,2050,1378,969,1061,1433,1308,1758,822,1126,1567,332,782,1014,16851.0
MIR-20B,4052,4565,4112,5062,3399,3070,3906,2493,3812,4103,1282,1466,1908,7428.0
MIR-20B-star,8308,4580,4431,4189,7217,6357,6338,3824,6205,5970,2125,1694,1985,13452.0
MIR-21,33773,14150,10744,10804,15468,14303,20047,10468,12439,16440,1820,20073,11735,8063.0
MIR-210,11922,8493,7037,7901,6967,6576,8502,5156,7440,7620,2135,6640,6288,17494.0
MIR-211,1702,2781,2309,2094,4005,3946,4237,2753,3773,4053,7464,8960,11528,6234.0
MIR-211-hsa,1316,2581,1646,1825,3131,3409,3557,2255,3184,3233,8448,7265,11172,11003.0
MIR-212,1352,1018,822,969,1659,1596,2107,877,1264,1673,160,1014,1994,7727.0
MIR-214,14,14,15,23,1,1,7,1,34,31,39,42,75,6001.0
MIR-215,7589,1409,1039,1140,4975,5385,6085,3500,4445,5407,1144,4533,5458,13859.0
MIR-215-hsa,5990,1156,856,1196,4779,4359,5156,2861,4237,4857,1089,3991,5210,21528.0
MIR-216A,697,1034,817,923,890,1300,1175,466,1102,1047,347,521,693,915.0
MIR-216B,411,387,378,402,258,340,303,207,323,446,100,224,439,7878.0
MIR-217,3677,3481,3348,3743,4651,4747,5177,2939,4598,4546,671,3115,5747,17631.0
MIR-217-hsa,6027,7118,6677,8089,9681,9667,9235,5127,7841,7844,1424,4994,6082,38521.0
MIR-218,1720,645,460,391,586,610,772,733,1146,1321,3866,3425,2469,16514.0
MIR-219-5P,117,44,46,23,52,82,73,78,142,140,1045,434,294,534.0
MIR-22,222,109,83,92,126,205,129,133,194,320,194,519,660,21924.0
MIR-22-star,973,740,471,821,382,559,526,1052,1502,1702,2071,4945,1124,8344.0
MIR-220,172,218,241,218,130,145,166,256,256,338,2919,743,357,3776.0
MIR-220A,130,108,39,55,49,90,44,187,230,302,419,316,53,1063.0
MIR-220B,15,4,19,8,9,1,9,32,16,40,338,41,243,163.0
MIR-220C,62,10,41,26,18,64,40,82,117,108,8415,144,10583,5785.0
MIR-221,18966,4229,3280,3516,9533,9832,12420,7533,9636,11097,870,14873,409,2868.0
MIR-222,170,101,116,112,82,43,105,122,110,176,2863,556,13506,2217.0
MIR-223,35261,14674,11263,12259,18690,18466,23458,11369,14751,16959,12694,20473,5756,21820.0
MIR-224,719,910,637,704,701,809,822,1084,2159,1830,5847,3612,3883,20004.0
MIR-224-mmu,398,415,397,554,487,645,580,799,1153,1215,12358,2206,5028,15282.0
MIR-23A,3280,1274,979,1051,5005,4687,4980,3084,4242,4882,1518,2272,3873,5195.0
MIR-23B,1131,530,335,469,1674,1818,1777,787,1714,1801,423,946,1933,3326.0
MIR-24,65976,16963,13741,13849,16318,16083,24206,13847,17001,21798,6372,14556,6981,15061.0
MIR-24-1-star,3008,3450,2666,2714,3412,3476,3685,3409,4594,4514,6958,15530,11934,2681.0
MIR-25,11193,11656,9597,9697,13683,14400,15463,8186,10190,10013,3314,8331,9345,3572.0
MIR-26A,71,121,62,133,84,41,47,84,177,224,270,347,711,2662.0
MIR-26B,50,37,34,38,19,97,49,23,32,87,162,134,323,910.0
MIR-27A,1801,483,461,401,2247,2218,2399,1711,2304,2700,761,1694,3023,313.0
MIR-27B,4666,1510,1098,1375,7485,7874,8082,4807,6686,7693,2278,4947,7236,1893.0
MIR-28-3P,4321,898,687,903,1129,1064,1338,1098,1632,2755,800,3030,6339,5544.0
MIR-28-3P-mmu,7545,7346,6416,7205,8784,8732,8858,5139,7866,8202,3275,6138,8838,1148.0
MIR-28-5P,8848,2320,1769,2042,2902,2779,3181,2063,2769,4411,543,2644,3699,13782.0
MIR-290-3P-mmu,7269,1703,1533,1628,7007,7075,7365,4311,5655,6198,604,4024,4390,4157.0
MIR-290-3P-rno,1242,341,278,404,1310,1462,1578,903,1297,1272,181,847,912,3578.0
MIR-290-5P,60,70,82,96,31,44,64,85,165,135,1156,184,295,8422.0
MIR-290-5P-rno,119,170,110,188,94,108,128,270,425,419,4651,532,590,3512.0
MIR-291A-3P,3610,729,568,681,2924,3098,3100,1717,2667,2717,1678,2246,3719,799.0
MIR-291A-5P,142,270,213,262,48,79,109,61,72,111,118,95,364,401.0
MIR-291B-3P-mmu,203,154,168,167,212,249,229,241,368,335,1126,839,1742,1557.0
MIR-291B-3P-rno,411,417,319,395,416,555,463,446,726,689,1022,1591,2435,8979.0
MIR-291B-5P-mmu,3313,534,538,568,1212,1574,1945,1020,1346,1647,777,2345,1863,700.0
MIR-291B-5P-rno,1218,292,208,240,1397,1487,1837,932,1566,1522,873,991,1328,910.0
MIR-292-3P,788,619,517,571,671,672,679,586,895,850,909,2725,2462,5003.0
MIR-292-5P,4639,4437,3289,3377,5202,5281,4912,3012,4710,4222,1657,995,1031,3469.0
MIR-293-3P,6792,6628,4669,5174,6222,6321,7636,6903,8865,9348,11349,30628,19644,28135.0
MIR-293-3P-rno,2282,2247,1566,1984,2301,2146,2692,2211,2866,2823,4488,9297,5903,17304.0
MIR-294-3P-mmu,495,367,276,223,430,477,570,446,591,812,2702,2036,3894,6401.0
MIR-294-3P-rno,620,462,306,388,565,630,602,597,831,838,1381,1893,2996,3112.0
MIR-295-3P-mmu,519,584,375,468,721,632,666,760,1112,1246,2117,2115,2843,1293.0
MIR-295-3P-rno,220,215,227,196,300,282,225,203,234,343,677,878,1648,695.0
MIR-296-3P,17072,2590,2276,2481,9586,9393,11776,7078,8766,8696,3498,10554,6242,4671.0
MIR-296-5P,2621,1109,695,604,1323,1287,1789,1662,1772,2182,2363,5595,2145,11653.0
MIR-297,6225,6327,5947,7189,5970,6348,6226,4748,6606,7768,1049,1940,2153,1006.0
MIR-297A,357,479,326,533,361,444,466,494,717,918,1339,1395,1972,7454.0
MIR-297B,721,868,836,896,492,617,599,699,1054,1153,1547,2336,2908,3334.0
MIR-297C,1182,835,694,925,693,638,795,920,1085,1280,1766,2208,2669,3249.0
MIR-297C-rno,520,585,702,606,596,640,725,710,1055,1074,2014,2097,2631,2398.0
MIR-298,103955,20116,17637,16641,84175,81359,99811,48589,59353,59582,19474,74634,24455,4072.0
MIR-298-hsa,2144,1373,1166,1198,1185,1399,1879,1120,1302,1322,263,1286,961,8243.0
MIR-299-3P,179,146,120,151,102,128,141,136,212,241,673,576,694,918.0
MIR-299-3P-hsa,256,239,177,209,187,228,278,228,428,519,916,919,1140,1578.0
MIR-299-5P,1514,174,119,99,188,239,280,352,602,1270,2547,4871,3856,2201.0
MIR-29A,4106,1796,1357,1286,1469,1687,2375,1204,1584,2282,525,2648,1684,25674.0
MIR-29B,1513,1080,938,950,1051,839,1360,1528,1985,2179,4203,5017,3363,7229.0
MIR-29C,2100,1189,944,893,961,1161,1500,697,893,1209,507,1381,754,7105.0
MIR-29C-star,34529,4929,4496,4717,13888,14318,15782,10728,14415,15438,15962,28173,19223,15367.0
MIR-300-3P,2136,750,683,898,3154,2809,3301,1667,2700,2710,1082,1884,2269,1107.0
MIR-300-3P-hsa,1196,2332,1445,1815,2813,2525,2932,2331,3289,3617,3930,5550,5561,5620.0
MIR-301A,7454,2105,1530,2090,7831,8455,9552,5533,8406,10508,1542,6106,7919,2857.0
MIR-301B,12565,3783,3716,3829,16088,16823,18529,11409,16271,18424,2365,11636,13812,565.0
MIR-301B-hsa,6765,1601,1490,1868,6083,6627,7881,4587,7038,8666,1925,6352,7154,989.0
MIR-302A,6957,7432,6129,7716,7997,8287,8613,4861,6901,7546,2164,4877,7525,6450.0
MIR-302A-star,479,717,501,591,714,496,608,770,1255,1127,7170,2374,3045,4810.0
MIR-302B,18530,14205,11754,12483,17665,18557,18630,11272,14966,15995,1989,5328,6556,2476.0
MIR-302B-star-hsa,371,375,328,385,338,321,354,502,684,856,2057,1092,2609,729.0
MIR-302B-star-mmu,1438,1362,875,1074,1181,1458,1569,1427,1986,2084,3011,3779,5756,968.0
MIR-302C,10014,4096,3497,3656,10637,10391,10444,7138,9748,11852,741,1994,2406,782.0
MIR-302C-hsa,18377,15203,14297,15439,20371,21263,20791,13434,19998,20574,2536,5088,7987,2154.0
MIR-302C-rno,31747,30685,27189,31203,39439,40625,40201,26111,37060,39286,5569,8964,12682,5039.0
MIR-302C-star-hsa,5935,6865,5456,5785,9423,10538,10858,6508,9209,10356,1646,1816,2214,9602.0
MIR-302C-star-mmu,7894,12126,10090,9837,18513,20844,19538,12392,16827,16539,2902,2596,2881,13078.0
MIR-302D,1260,631,606,756,561,759,764,626,848,1371,915,2368,5841,7508.0
MIR-30A,21593,6512,5658,6008,6381,7176,9333,5489,8383,11320,1791,6156,5424,6550.0
MIR-30A-star,18242,4773,4093,4855,16734,18937,20854,12048,18008,20768,5478,19815,25753,9736.0
MIR-30B,608,111,127,121,185,131,287,204,243,351,909,1330,2215,772.0
MIR-30C,38177,3745,3312,3653,15599,14840,21567,10993,15163,21683,3998,29199,20114,1639.0
MIR-30D,29939,8152,6925,7826,8815,9375,12148,7299,10677,14699,2424,7960,7467,7144.0
MIR-30E,18536,6644,5401,7004,7639,7917,9504,5820,8384,10741,1883,5988,5321,6182.0
MIR-30E-star,14947,3608,3082,3553,10660,11673,12867,8011,11572,15814,3360,15852,18370,8170.0
MIR-31,18214,4324,3415,3425,8801,8760,12534,6684,9223,10298,3989,4718,2754,36398.0
MIR-31-2,998,4636,3627,3721,457,420,632,366,486,589,900,744,662,12505.0
MIR-32,840,1036,997,948,1544,1406,1604,956,1433,1619,134,802,1045,709.0
MIR-320A,1147,671,549,840,768,686,849,426,574,742,54,332,702,27226.0
MIR-322,3290,1468,860,1071,1508,1641,2183,1110,1256,1671,1223,2028,1858,226.0
MIR-322-hsa,4707,4382,3318,3314,4310,4473,4933,3055,3898,4717,1162,3045,3718,2405.0
MIR-322-star,156,154,103,121,171,140,214,96,134,188,38,39,159,33818.0
MIR-323-3P,352,297,246,240,299,360,324,304,499,685,1969,1479,2089,9139.0
MIR-323-5P,100721,14101,12158,12661,50118,50544,64009,38859,51118,55957,11896,64547,56697,4192.0
MIR-324-3P,90,43,31,54,38,52,23,45,34,73,399,120,400,6286.0
MIR-324-5P,347,141,70,95,136,166,122,71,142,133,1357,843,356,2297.0
MIR-325-3P,8997,10539,7735,8122,12421,11540,12309,6657,9684,10859,4891,7293,10480,774.0
MIR-325-3P-hsa,3684,4705,3559,4180,5348,5789,5787,3576,4827,5354,2371,3257,4071,441.0
MIR-325-5P,2437,2597,1984,2203,1752,1883,2305,2289,3110,3290,6450,10219,11289,5665.0
MIR-325-5P-hsa,270,185,129,148,210,274,251,207,283,239,1078,935,872,2586.0
MIR-326,1172,949,814,730,1589,1559,1676,1508,2123,2177,5628,6320,4810,25380.0
MIR-327-mmu,110,44,65,32,44,57,95,93,152,134,512,606,604,7160.0
MIR-327-rno,296,184,189,154,431,414,469,447,406,340,746,1579,1087,6097.0
MIR-328-3P,767,526,393,360,641,661,564,640,760,613,18102,1684,2064,11219.0
MIR-329,354,288,148,167,374,274,253,249,393,442,1631,775,753,1806.0
MIR-329-hsa,232,248,232,203,182,239,264,325,333,353,2065,807,783,4269.0
MIR-330-3P,8975,5508,5336,6614,3756,4294,5396,2889,4407,6158,1295,6856,8362,22700.0
MIR-330-3P-hsa,4680,3307,2715,3462,2542,2669,3828,1809,2841,3247,899,3745,4233,36849.0
MIR-330-5P,8792,3007,2359,1930,13517,14077,16391,9608,11424,13128,3498,7789,5619,1350.0
MIR-331-3P,7440,3088,2334,2286,3980,4047,5023,2434,3088,3025,2195,4264,2572,11812.0
MIR-331-5P,6599,2603,2351,2212,7103,6923,8406,5097,7449,7240,2826,5915,5458,30052.0
MIR-333,5529,6264,4333,4397,2174,2505,2835,4575,6045,6510,48715,18384,13876,1325.0
MIR-335,393,530,442,508,544,599,788,599,894,1054,569,2126,2244,2300.0
MIR-336,1614,2875,2527,1868,3750,3451,3872,3017,3750,4438,4864,9178,8381,4621.0
MIR-337-3P,386,623,521,475,964,963,898,734,1194,1332,1861,2384,3296,22116.0
MIR-337-3P-hsa,13258,3162,2104,2192,8502,9132,9896,5234,7204,8420,12885,10144,9744,5156.0
MIR-337-5P,1822,1091,847,961,559,741,824,1203,1746,1922,7499,8057,4304,40309.0
MIR-337-5P-hsa,272,80,125,148,93,124,129,376,439,566,1385,1338,641,5417.0
MIR-338-3P,38521,32736,32381,27897,63865,62280,67010,38467,48799,47485,9918,24465,16713,5890.0
MIR-338-3P-2,12999,36920,35507,30046,37127,36589,37827,23336,30669,29122,6246,6571,4897,2006.0
MIR-339-3P-hsa,25596,5599,4910,5264,8680,8841,12292,6792,9860,10532,1229,6462,4020,11635.0
MIR-339-3P-mmu,19059,4168,3472,3706,5538,5497,7658,3666,5157,5591,1432,3709,1869,2577.0
MIR-339-3P-rno,15848,8037,6973,7701,5392,5302,8162,3985,5026,6005,572,8126,4978,10534.0
MIR-339-5P,22023,16484,15441,13136,25343,24017,26810,14145,19640,20166,3136,6415,5268,18790.0
MIR-33A,2581,2877,2766,2936,3157,3258,3938,2345,3342,3392,622,2315,2139,859.0
MIR-33B,2630,601,559,551,2923,2771,2483,1920,2868,2503,1474,2935,2305,1279.0
MIR-340-3P,76290,19534,17652,15080,95441,92539,104631,59706,76468,84695,8859,55896,53883,16141.0
MIR-340-5P,28,54,51,20,51,67,40,121,113,138,1273,127,173,1178.0
MIR-341,1448,436,409,310,445,666,760,586,564,841,524,4666,1874,6769.0
MIR-342-3P,830,1004,690,706,1136,1175,1516,987,1549,1764,2449,4563,3388,9901.0
MIR-343-mmu,17239,9994,9353,7757,17906,17360,22251,10886,13728,16374,1740,13155,9962,26971.0
MIR-343-rno,36385,16643,14897,13578,34320,32548,40799,20818,26165,29527,5098,28637,14837,27432.0
MIR-344-3P-mmu,2080,787,463,733,444,621,839,796,1365,1426,6460,8674,9942,15346.0
MIR-344-3P-rno,2168,770,796,906,696,781,961,770,1128,1465,5569,10111,10701,10862.0
MIR-344-5P,15052,13000,12120,10969,21095,20651,20410,12125,15677,16766,2556,5964,4918,7225.0
MIR-344-5P-2,5985,3533,3162,2836,5534,5664,6165,3390,4190,5063,777,3572,3266,4690.0
MIR-345-5P,355,246,125,210,145,287,217,252,546,540,4513,1784,1624,4806.0
MIR-345-5P-hsa,2599,557,438,457,1276,1433,1648,1083,1575,1726,2204,2085,2031,10324.0
MIR-346-hsa,13300,10908,8682,8503,12709,12657,13849,15599,21160,21291,27369,63731,41458,12687.0
MIR-346-mmu,8278,6433,5327,5191,7302,7893,8130,8940,11955,11846,26382,38846,28020,10566.0
MIR-346-rno,4381,1281,1197,1200,1771,1875,2006,2442,3990,4792,9010,23712,24213,15104.0
MIR-347,16046,6707,4722,4906,10885,10807,12917,6387,8577,6994,4815,8981,3140,10911.0
MIR-349,6557,11024,8996,7104,13589,11364,12773,14898,18013,18396,15715,27138,14547,4636.0
MIR-34A,4713,2505,1703,2052,1997,2278,3195,3293,4004,4485,8397,18479,10585,17936.0
MIR-34B-5P,2589,1712,1340,1235,1581,1637,2045,2070,2210,2500,4426,8607,7426,5173.0
MIR-34B-5P-hsa,1766,1345,993,1046,1112,1174,1420,1459,2140,2164,4276,7457,6096,10781.0
MIR-34C-5P,47007,11563,8685,9468,35064,35378,45650,24924,32377,35486,6955,35376,25565,11043.0
MIR-350,1563,541,348,382,2026,1932,2276,1131,1648,1805,1165,1301,1609,922.0
MIR-350-hsa,8327,2481,2022,2189,8300,8776,9891,4964,7151,8501,2878,6653,6694,2181.0
MIR-351,22891,13787,12406,12183,31324,32297,35096,18033,23626,23339,5835,16330,15017,22655.0
MIR-351-mmu,2423,17161,15479,14257,4008,4299,4357,4526,6172,6162,9913,11428,11237,18376.0
MIR-352,23309,15678,8929,10223,11765,11876,15980,8090,9976,9941,3543,16594,11930,21625.0
MIR-361-5P,1667,636,472,664,1507,1549,2003,1243,1650,1887,1163,1557,3030,4126.0
MIR-362-3P,495,397,255,308,380,399,383,201,313,328,65,209,253,6478.0
MIR-362-3P-hsa,269,346,302,252,189,268,362,152,284,324,75,184,187,5771.0
MIR-362-5P,150,157,101,225,102,178,169,243,415,414,636,809,1554,4624.0
MIR-362-5P-hsa,346,564,335,505,363,459,496,587,991,694,732,1689,2629,11872.0
MIR-363,504,391,340,333,382,405,444,227,405,406,190,428,334,5435.0
MIR-363-star,12307,4381,2754,3098,2346,2700,3449,4851,6045,7292,37035,32763,15505,7710.0
MIR-365,406,598,397,439,555,541,688,430,859,824,1415,2268,1646,4261.0
MIR-367,836,614,516,741,642,588,640,300,547,388,494,420,440,1403.0
MIR-369-3P,84,101,51,94,106,98,80,145,183,149,1475,342,355,807.0
MIR-369-5P,122164,14396,11316,11532,56653,55261,71790,36683,48081,56090,13771,91177,54739,19830.0
MIR-370,1570,1425,1116,1162,1527,1771,2147,1890,2349,2594,3420,6793,5259,11648.0
MIR-371-3P,2523,2018,1492,1637,2345,2141,2529,2210,2858,2966,3997,6579,6045,6393.0
MIR-371-5P,70,61,73,41,28,81,36,73,125,145,239,195,387,11720.0
MIR-372,580,435,342,358,440,430,467,434,376,563,499,1845,1703,10827.0
MIR-373,1273,944,798,1193,737,606,1016,937,1136,1305,1483,5138,4122,8321.0
MIR-373-star,3837,548,462,461,1476,1491,1607,1265,1507,2050,751,1285,1816,508.0
MIR-374-star,323540,117181,90104,99603,135314,140181,169854,100266,121008,135003,806,86015,1015,23735.0
MIR-374A,3527,4103,2672,3395,5077,4995,5064,2676,3727,4285,736,1264,507,466.0
MIR-374B,1694,2306,1663,2074,2126,2112,2374,1242,1923,2130,23116,706,58493,6033.0
MIR-375,19117,20577,17685,17693,24569,27082,26860,16210,22046,21111,5373,13021,21326,14065.0
MIR-376A,99,69,49,97,97,90,107,76,163,145,287,673,612,11887.0
MIR-376A-hsa,83,147,98,126,98,134,83,79,222,195,365,578,885,30551.0
MIR-376A-star,54647,20224,16475,18805,25709,26377,31997,20551,28412,30541,9541,16296,11141,1558.0
MIR-376B,63,118,73,82,83,114,135,109,197,210,539,274,468,10112.0
MIR-376B-hsa,108,161,88,192,116,88,134,169,331,351,1296,794,1028,8390.0
MIR-376B-star,967,769,630,883,631,614,773,1384,1903,2270,10324,5082,3615,4423.0
MIR-376C,159,163,111,68,98,81,158,124,116,130,185,435,442,27826.0
MIR-376C-hsa,42,27,35,45,28,39,93,52,81,51,119,187,204,46368.0
MIR-377,125,1662,1476,1918,150,181,163,139,186,212,658,284,629,322.0
MIR-377-rno,3076,1912,1650,2290,4746,4951,5237,3248,5182,5683,983,1174,1283,1184.0
MIR-378,7426,1461,1271,1450,1748,1925,2289,1474,2101,4080,569,1762,2707,23446.0
MIR-378-star,698,365,302,292,260,537,482,408,524,772,4300,4097,5169,42575.0
MIR-379,132066,36371,29627,30728,53337,54830,81479,44744,60230,78061,3994,34800,17914,13258.0
MIR-380-3P,458,826,602,765,726,818,893,964,1334,1336,3973,2473,4175,1542.0
MIR-380-3P-hsa,559,770,518,560,499,743,897,726,877,1120,3203,2591,3158,649.0
MIR-380-5P,24862,12674,11230,11402,18517,17935,21260,11378,15906,19408,1449,4719,4585,5520.0
MIR-381,222,195,138,164,300,376,280,327,438,388,581,744,1209,1952.0
MIR-382,58605,38548,33706,40857,34317,36625,43238,28499,36587,35873,5331,16952,12410,6354.0
MIR-382-star,26,26,23,54,37,14,41,58,163,76,262,227,189,7270.0
MIR-383,3917,3023,2359,2646,2127,2226,3402,3297,4938,6001,4690,19116,19688,16904.0
MIR-383-hsa,3054,2838,2531,2619,2752,3251,4069,3585,4661,6161,5922,17792,16836,11758.0
MIR-384-3P,189,188,159,219,223,197,210,286,367,426,1888,1070,1256,3098.0
MIR-384-3P-hsa,306,385,359,369,311,307,349,417,550,492,2322,1655,1627,1543.0
MIR-384-5P,1465,805,591,767,655,762,1069,885,1189,1517,3094,6402,4585,1618.0
MIR-384-5P-hsa,524,698,326,462,553,438,600,500,860,1008,1838,2770,2800,360.0
MIR-409-3P,2699,1734,1486,1837,1403,1348,1914,1457,2054,2501,1617,12715,11384,21612.0
MIR-409-5P,1164,858,567,611,479,460,856,888,1359,1296,5631,4155,4471,7976.0
MIR-410,36,22,17,26,53,12,13,26,60,28,35,28,112,3287.0
MIR-411,24331,12854,10092,10046,17077,16929,24803,14017,18283,25112,820,6439,5459,4986.0
MIR-411-star,612,334,322,314,501,574,675,549,565,806,437,1332,1440,14715.0
MIR-411-star-rno,4318,1366,1215,1225,6040,6631,7092,3847,6076,8018,601,3412,6263,2655.0
MIR-412,3596,2779,2616,2791,5139,5731,5942,3524,5019,6314,752,1182,1554,9736.0
MIR-421-3P,2478,732,501,532,2457,2944,3786,2047,3013,3763,306,2113,2686,7905.0
MIR-421-5P,176422,66758,42849,45496,70487,71779,90406,46449,54490,62120,15539,39345,16591,13123.0
MIR-422A,4301,745,469,675,1834,2109,2609,1561,2189,2670,743,2673,2953,5246.0
MIR-423-3P,1271,451,374,356,362,312,477,569,603,725,972,5279,5183,10576.0
MIR-423-5P,12216,4303,3608,4598,5279,5141,6843,7798,10000,10598,47444,46481,21511,1153.0
MIR-425,1676,1013,888,1067,774,916,887,429,872,1066,296,791,1046,13608.0
MIR-425-star,3790,504,561,585,2153,2535,2862,1799,2721,2790,525,2555,2482,26620.0
MIR-429,101,283,145,191,252,254,312,225,295,341,633,725,1111,8097.0
MIR-429-hsa,132,218,90,169,233,197,203,164,195,315,506,573,778,6726.0
MIR-431,16482,7497,5868,7011,8941,9056,11100,6194,8007,9379,2725,10798,8426,4914.0
MIR-432,68982,68880,58753,65346,96007,104222,119148,76073,100728,103786,9875,24009,26326,1291.0
MIR-432-star,5849,5217,3470,3744,5023,5247,5945,6613,8405,9345,18668,24052,22123,10075.0
MIR-433-3P,284,227,211,209,130,184,208,388,521,574,922,1008,2663,8432.0
MIR-433-5P,12125,4408,3674,3637,13451,14052,14532,8053,10346,10915,6638,7876,8512,7253.0
MIR-434-3P,1498,1867,1324,1255,2270,2780,2529,1890,2375,2786,3150,6262,6902,2760.0
MIR-434-5P,9309,6881,6529,6777,7823,8223,9631,5859,8454,8871,1508,7528,7562,11514.0
MIR-448,1473,620,473,532,686,833,902,1235,1620,2163,2607,7184,5660,5292.0
MIR-449A,10860,4922,3790,4314,5887,6973,8821,7833,10352,11610,8718,49046,30037,8954.0
MIR-449B-hsa,29129,6087,4841,5572,23707,22732,28998,18416,24719,28841,3600,31030,30302,5451.0
MIR-449B-mmu,13643,2652,2242,2599,9767,10817,12557,7699,10335,11949,1729,10709,8085,3790.0
MIR-449B-rno,64019,13878,11861,12261,50885,52993,64543,40109,51365,56596,8907,49619,40075,3704.0
MIR-449C,43216,21544,18392,19607,27628,26917,32600,19445,26834,29384,6317,10521,6666,14896.0
MIR-450A-5P,1161,1715,1284,1178,1402,1404,1549,1766,2447,2659,6610,6378,13327,13273.0
MIR-450A-5P-rno,2282,3399,2727,2440,3342,3640,4013,3647,4495,4951,7869,12207,20147,19863.0
MIR-450B-3P,528,681,469,585,448,689,674,735,1000,1093,2876,2435,2985,2577.0
MIR-450B-5P-hsa,7614,13976,9834,9875,15289,13919,13598,7528,9392,9339,2588,7137,6958,1847.0
MIR-450B-5P-mmu,3511,5714,4434,4697,6522,6327,6269,3490,4881,4973,1984,3241,5489,1403.0
MIR-450B-5P-rno,1646,2821,2265,2423,3211,3615,3337,1911,2436,2634,1510,1586,2614,1183.0
MIR-451,135,87,51,95,92,62,102,156,314,220,964,532,587,18446.0
MIR-452,1477,1284,898,1090,1212,1174,1327,823,1023,918,269,967,1144,42528.0
MIR-452-star,12432,10017,8192,9060,10736,10842,13916,7720,10558,14010,2699,4347,3035,17562.0
MIR-452-star-hsa,7217,6782,5789,5752,8517,9107,10244,5781,8034,9561,1398,2552,2772,7029.0
MIR-453-hsa,145717,93103,73475,74005,122046,116559,142671,76108,91985,93670,10598,76554,51753,20545.0
MIR-453-mmu,29713,21120,17583,19745,21108,21491,27209,15163,20823,23279,3522,18376,16757,26633.0
MIR-453-rno,117560,93172,66624,68313,107432,101071,128573,65383,78688,75999,8295,62747,43778,15527.0
MIR-454_1,2029,1428,1175,1006,1815,1985,2388,2174,2358,3031,1461,9286,6294,1018.0
MIR-454-star,12497,2198,1644,1949,9794,9955,10687,5080,6940,7977,1586,5042,5623,30978.0
MIR-455-3P,9878,2049,1336,1446,6013,6456,8647,4203,5845,7280,3430,7706,5246,9277.0
MIR-455-3P-hsa,13370,2812,2216,2219,8444,9296,11753,6479,7735,10063,4409,11680,6640,16539.0
MIR-455-5P,11501,10133,9509,9962,15301,15217,15065,9633,13444,14148,1561,3211,3674,15389.0
MIR-463-mmu,18504,5193,4003,5017,5348,5432,8060,4143,5817,7427,769,4926,2003,2963.0
MIR-463-rno,25967,9298,7131,8274,8777,8903,11791,7096,9356,11127,1478,7435,3362,5006.0
MIR-463-star,13088,14409,10760,9790,19672,19529,20461,9764,12384,13312,1259,7753,7242,34098.0
MIR-464,1787,3018,2045,1997,2241,2287,2734,1523,1583,1903,518,1294,2005,1684.0
MIR-465-3P,14318,7671,6446,8336,6675,6538,7903,4235,6636,6511,2083,9640,7403,19874.0
MIR-465-5P,10886,19451,14727,17354,21189,21697,22483,12721,17276,17441,2739,9046,13239,2520.0
MIR-465A-5P,395,258,206,239,344,221,331,184,299,327,93,194,790,156.0
MIR-465ABC,36638,15560,12339,13363,18277,17432,21071,10867,14520,15428,3106,21746,12325,10628.0
MIR-465B-5P,10804,11831,8840,9727,19448,20105,18390,11296,16087,16601,3009,3884,5550,2776.0
MIR-465C-5P,11477,9881,7337,8202,15941,15590,15824,9164,13182,15763,1825,3548,5103,2135.0
MIR-465D,11071,15440,11382,11139,21874,21579,22534,12010,15920,16410,1335,3719,4392,5254.0
MIR-466A-5P,1020,1878,1529,1930,1279,1391,1360,924,1491,1404,393,811,1307,38.0
MIR-466ABCE-3P,1066,973,702,1148,844,1082,1351,643,996,1354,202,671,1175,1398.0
MIR-466B-5P,28380,8487,7493,9596,13313,14691,17669,12042,17388,17932,2312,9175,5782,1229.0
MIR-466B-5P-rno,16253,16091,14301,14993,20191,22251,22371,14353,20049,23583,2368,4736,6839,3412.0
MIR-466C-5P-mmu,10294,7789,6811,7519,3259,4055,4620,3496,5027,5168,1335,7642,4799,1816.0
MIR-466C-5P-rno,116010,68165,56802,56135,29706,29002,36211,37376,47835,56884,7320,27751,12008,763.0
MIR-466D-5P,34951,17302,14058,14864,18623,19860,22877,14247,17725,17324,2984,9321,4436,866.0
MIR-466E-5P,7137,15598,13682,15709,2235,2538,3304,2128,2938,3081,989,4532,3194,1051.0
MIR-466F-5P,5375,5161,4727,5301,5051,5500,5485,4045,5265,5612,738,1732,2088,1167.0
MIR-466G,124,225,84,203,105,144,140,64,140,248,8,114,290,4138.0
MIR-466H,37470,33950,26528,28752,14965,15742,19440,17723,20794,23543,9717,24229,17204,2241.0
MIR-467A-star,265,97,57,33,230,276,292,178,186,222,544,213,1396,844.0
MIR-467AB,4498,3989,3511,3530,5329,5353,5541,3647,4972,5290,156,1515,292,11294.0
MIR-467B-star,176,102,59,92,201,133,256,121,235,323,182,109,310,3472.0
MIR-467C,4644,5567,4581,5443,6344,7319,6796,4309,6076,6034,817,1290,1755,3249.0
MIR-467D,2041,2286,2049,1963,2999,3309,3502,1969,2745,2572,463,496,585,138.0
MIR-467E,523,880,557,782,639,725,890,808,995,1035,1907,2863,3565,4492.0
MIR-468,46507,60394,53023,59424,78223,78805,75334,51392,72611,76685,19014,15765,19654,30408.0
MIR-469,398458,69785,72884,78616,330660,359748,333314,265097,373572,376743,70465,390571,334285,9330.0
MIR-470,1215,1616,1075,1598,1392,1824,2018,2394,3685,3933,3496,8115,13506,5426.0
MIR-471,15907,2947,2239,2567,11839,11846,12763,7645,10178,10828,3713,11013,13091,395.0
MIR-483-3P,325,198,272,207,221,306,235,246,446,619,3457,1154,2207,2176.0
MIR-483-3P-hsa,368,278,205,204,301,305,365,328,436,767,6589,1643,4044,4151.0
MIR-483-5P,4163,2287,1843,2735,1587,2084,2637,1476,2071,2673,195,839,1580,14686.0
MIR-483-5P-hsa,1989,908,800,1169,861,823,1087,671,804,1128,105,486,736,9932.0
MIR-484,984,665,584,487,891,967,975,1040,1546,1725,7965,4382,5015,29586.0
MIR-485-3P,2489,1600,1310,1401,1855,1781,1742,2148,3443,3284,12725,12702,14521,5427.0
MIR-485-3P-2,492,114,163,140,224,202,215,208,220,310,2062,2494,4336,170.0
MIR-485-5P,76509,11634,8957,9030,28961,27253,38217,21242,28201,34026,10639,50411,26489,10982.0
MIR-486-5P,27943,15170,12926,12757,26033,27225,29384,17914,25496,29292,5595,7896,10123,7340.0
MIR-487A,35,41,56,58,37,1,39,50,73,155,416,130,237,4267.0
MIR-487B,153,191,169,126,209,81,168,131,319,263,643,579,833,23720.0
MIR-488,2189,1469,1273,1207,1839,2301,2638,2802,4103,4398,3536,12196,8239,1202.0
MIR-488-hsa,2288,1279,1114,1233,1539,1855,2550,2476,3144,3927,4060,12020,7563,208.0
MIR-488-star,4840,2257,1690,1735,2527,2476,2769,1410,2332,3160,1564,2047,2089,4098.0
MIR-488-star-mmu,8234,4078,2979,2978,4247,4571,5507,2744,3530,5254,1514,3493,3136,11166.0
MIR-489-hsa,14543,2621,2378,2556,8260,9183,11418,5997,8637,11204,1938,11689,10156,9803.0
MIR-489-mmu,1881,353,447,396,1435,1828,1950,1126,1577,2156,139,1228,1549,13174.0
MIR-489-rno,1655,392,432,481,1397,1554,1847,1035,1666,2368,258,1102,1677,11987.0
MIR-490-3P,7829,9300,9154,9743,12829,11804,10893,6463,9780,7696,8577,2596,2013,15270.0
MIR-490-5P,137,151,107,100,171,188,274,234,315,252,526,826,916,5535.0
MIR-491-3P,6855,1560,1245,1257,4884,4802,5924,2929,4348,4964,6477,4991,5671,1398.0
MIR-491-5P,39144,19427,15152,16285,27073,26420,33386,17959,25563,28800,4611,10385,7054,1588.0
MIR-492,8644,6689,5029,5263,6481,6499,8304,5813,8171,8448,19107,29983,12419,7824.0
MIR-493,130582,48520,41396,46896,56932,58253,73994,45376,62984,69340,7009,36679,22162,12128.0
MIR-493-mmu,184082,73489,62953,71390,82858,86901,106784,66294,91455,102330,8658,51279,32019,13433.0
MIR-493-star,4514,2821,2028,2247,2169,2170,2827,3600,4681,5759,19283,19252,19978,590.0
MIR-494,4587,509,439,431,1486,1593,2496,1398,1715,2401,729,4013,2084,10038.0
MIR-495,82,102,63,114,92,118,75,74,147,102,1037,273,504,1557.0
MIR-496_1,26648,4029,3330,3249,11682,13092,16330,9523,12329,15215,4353,23761,18307,2695.0
MIR-496_3,5093,2132,1851,2127,2339,2706,3422,3702,5533,6208,8486,23312,18305,2447.0
MIR-497,3191,2848,2098,2376,4353,3927,4614,2654,3480,3373,7349,3011,2798,10275.0
MIR-497-2,464,2265,1621,1775,547,591,639,571,727,692,3730,1769,1604,4368.0
MIR-498,8978,5867,5087,4680,21987,20765,18039,12290,15910,14470,15673,8702,10438,9281.0
MIR-499-5P,376,532,318,366,523,511,577,912,1051,1033,6972,1877,3003,2850.0
MIR-500-3P,507,546,431,536,525,422,548,244,362,392,116,199,321,17124.0
MIR-500-3P-hsa,16188,8189,7235,7071,11526,11257,12349,7219,9751,11300,2107,3209,2620,12154.0
MIR-500-5P,2437,4326,4107,4936,3911,4056,4654,2312,3604,3881,627,2011,3760,22026.0
MIR-501-3P,1637,710,567,683,825,839,833,508,830,1103,186,396,696,10841.0
MIR-501-3P-hsa,418,240,98,210,226,206,392,175,306,433,338,1079,1453,15760.0
MIR-501-5P,695,709,597,594,737,630,836,329,619,542,247,554,734,15317.0
MIR-501-5P-hsa,1398,1707,1438,1835,2110,1990,2084,1086,1684,1695,348,872,1444,18804.0
MIR-502-3P,1731,797,661,831,815,1105,1090,600,851,978,238,613,1079,19993.0
MIR-502-5P,252,312,205,255,192,297,231,115,288,241,223,191,430,12413.0
MIR-503,8979,3772,3448,3578,3833,4133,5847,3382,4811,5911,1028,2290,1619,942.0
MIR-503-hsa,13599,5447,4996,5474,6518,6875,9714,5374,7572,9622,568,3000,2279,1789.0
MIR-504,30469,3637,2928,2745,14883,14701,18789,9235,11599,11996,8868,19395,8526,666.0
MIR-504-rno,27439,3972,3118,2948,15005,14653,18505,9903,12611,12848,13090,20849,10249,1452.0
MIR-505,19554,7210,5373,6272,8637,8244,9173,5657,8207,8785,23967,83479,48784,26012.0
MIR-505-mmu,10915,3357,2387,2680,3551,3788,4570,4023,5456,5537,16260,38127,28351,8741.0
MIR-506,3663,2453,1919,2349,3170,3234,3724,1883,2435,3061,499,2001,2707,13817.0
MIR-507,1225,1361,1084,1082,2013,2211,2025,1380,1998,1834,751,1300,2148,7188.0
MIR-508-3P,84917,40144,29687,35399,35016,36074,46625,26225,33444,34866,5410,58492,37475,6701.0
MIR-508-5P,11499,11264,9273,9638,14244,15083,16180,8459,11945,11986,1768,2765,2359,13701.0
MIR-509-3-5P,8073,3259,2886,3366,2551,2576,3224,2542,4326,6908,524,2161,2173,11925.0
MIR-509-3P,132948,53870,41342,47583,47069,51820,64984,41904,54097,55789,8849,37427,24350,2814.0
MIR-509-3P-mmu,76964,26882,20821,23504,34613,35861,45806,26150,35211,39711,6474,23784,12592,3364.0
MIR-509-3P-rno,77258,17112,13808,15698,19052,20120,26240,16107,21901,30678,4601,21642,14334,10856.0
MIR-509-5P-hsa,1161,1186,778,1136,1107,1273,1448,733,965,1534,640,988,1193,8052.0
MIR-509-5P-mmu,188,182,197,188,182,239,253,192,344,363,596,763,917,1145.0
MIR-509-5P-rno,110,187,73,187,130,116,200,168,243,315,687,572,569,1509.0
MIR-510,477,154,123,151,586,560,620,209,533,421,269,517,546,254.0
MIR-511,5940,4844,3945,3723,6525,6154,5829,3599,4728,5145,1490,2688,3504,13638.0
MIR-511-hsa,19497,17820,14483,15803,20226,19934,21470,12756,17121,17433,4769,13614,14239,5587.0
MIR-512-3P,4632,1050,834,925,2760,3112,3666,2101,3152,3458,1312,2392,2287,20115.0
MIR-512-5P,4709,1460,1249,961,5640,4978,4932,2635,3614,3324,9200,3569,2166,12602.0
MIR-513A-3P,1615,1680,1595,2004,2847,3338,3014,1786,2885,3458,286,530,1107,687.0
MIR-513A-5P,35,121,95,75,126,152,122,205,229,210,803,366,478,9623.0
MIR-514,4105,3919,2584,3405,3959,4125,4134,2291,3442,3613,882,2887,3215,6187.0
MIR-515-3P,2283,1628,1524,1401,1086,1092,1396,2385,3035,3519,8122,10827,7756,8029.0
MIR-515-5P,1824,2353,2188,2592,1910,2417,2398,1414,2056,2443,2161,574,765,2645.0
MIR-516A-3P,495,157,132,127,365,395,424,413,448,549,881,2559,1742,36834.0
MIR-516A-5P,2432,1068,887,1032,3186,3211,3347,1887,3092,3475,3254,2326,3083,538.0
MIR-516B,549,1208,800,908,493,313,398,996,1172,1240,2978,2049,2240,4553.0
MIR-517-star,858,883,654,669,790,813,1057,1200,1780,2035,1588,3511,2326,7401.0
MIR-517A,455,281,196,236,281,318,264,282,406,566,2041,1669,3334,9941.0
MIR-517C,749,510,331,489,526,560,613,656,747,1036,4295,3126,5114,11285.0
MIR-518A-3P,8762,3344,3025,3513,2636,3138,3880,2163,3218,3717,1847,5542,4579,1783.0
MIR-518A-5P,1582,982,796,833,1162,1164,1273,735,1061,1300,670,1161,1378,6047.0
MIR-518B,413,388,305,365,693,675,676,607,629,747,1722,1831,2387,28623.0
MIR-518C,545,548,464,643,434,212,322,328,469,530,1644,1431,1791,16434.0
MIR-518C-star,22706,8970,8432,7475,13051,12700,16759,10121,14218,21933,4139,7291,7204,5436.0
MIR-518D-3P,546,539,488,524,648,579,662,494,536,630,433,219,657,5420.0
MIR-518D-5P,9752,3517,2910,2964,5047,4602,6420,3909,5247,9051,4542,5498,6002,6584.0
MIR-518E,1257,373,186,350,236,604,434,233,488,632,165,394,341,17268.0
MIR-518E-star,5458,1746,1436,1429,2012,2001,2632,1592,2702,5511,1793,1482,1847,8045.0
MIR-518F,15163,6081,5253,6073,6362,6945,8574,5552,7980,8308,1353,4349,3279,1397.0
MIR-519A,311,205,106,159,235,245,247,217,370,288,633,1184,1422,10039.0
MIR-519B-3P,97,109,82,110,66,45,96,150,151,258,749,561,1574,15806.0
MIR-519C-3P,172,72,61,94,91,160,159,174,295,225,241,563,1055,2919.0
MIR-519D,4377,4803,3836,4622,5957,6370,6283,3904,5799,5340,2585,1428,1874,13912.0
MIR-519E,906,1117,777,789,1094,1052,1080,1564,2148,1805,5245,2427,2348,11946.0
MIR-519E-star,882,261,180,278,854,797,960,596,729,898,1534,669,834,3773.0
MIR-520A-3P,69,90,58,66,59,130,48,126,66,110,680,314,573,19592.0
MIR-520A-5P,993,780,532,550,832,787,986,1034,1312,1633,4451,4445,4642,3491.0
MIR-520C-3P,123,77,73,77,139,29,58,125,91,138,151,385,845,19852.0
MIR-520D-3P,256,346,283,334,371,463,558,483,633,730,908,1226,2218,7041.0
MIR-520D-5P,685,118,111,155,525,492,592,335,488,580,1052,696,1145,1221.0
MIR-520E,129,92,122,123,127,110,169,169,189,234,234,416,699,13849.0
MIR-520G,273,172,129,163,201,170,216,158,382,542,1168,1193,2608,6615.0
MIR-520H,359,149,137,120,142,155,160,129,240,224,255,361,1172,5731.0
MIR-521,198,170,135,229,166,232,224,151,357,307,719,631,545,6759.0
MIR-522,192,109,78,71,162,242,201,152,188,165,300,721,734,5038.0
MIR-523,263,191,135,229,168,187,173,81,225,258,278,1067,815,24970.0
MIR-524-3P,795,190,128,156,165,171,200,234,378,374,682,2696,2665,9757.0
MIR-524-5P,3471,697,652,567,2101,2285,3084,1536,3008,3649,3634,3483,3610,922.0
MIR-525-3P,8990,4682,4126,4897,4491,4317,5591,3358,4942,5451,1283,3147,1849,16353.0
MIR-525-5P,1246,809,590,712,855,831,1043,1184,1535,2203,5959,6222,6804,3875.0
MIR-526B,2262,851,865,712,953,1068,1245,1109,1452,1999,6638,5726,7164,8096.0
MIR-526B-star,5879,832,801,1171,2233,2219,2880,1913,2604,3436,926,6000,5204,1641.0
MIR-532-3P,1456,775,695,721,855,1149,1267,671,1346,1365,294,1002,951,6448.0
MIR-532-5P,308,477,315,408,376,306,589,464,573,478,2394,1587,2789,29029.0
MIR-532-5P-rno,192,258,202,290,303,299,233,243,424,446,1811,1199,2626,38594.0
MIR-539,4433,2351,1502,2031,2215,2133,2844,2644,3246,3662,7888,20677,12006,2662.0
MIR-540-3P,27565,9652,8633,9272,13093,14595,17130,10375,14421,16858,3209,7133,4675,19281.0
MIR-540-5P,176,145,137,100,124,95,203,146,208,214,420,342,351,819.0
MIR-541-5P,4972,5019,3969,4274,4245,4510,5640,5991,7738,8903,2979,16422,20039,6234.0
MIR-541-5P-hsa,496,584,447,565,566,783,703,1042,1359,1424,677,2420,3233,8495.0
MIR-542-3P,27198,9904,6633,7631,8357,8710,12506,6534,8255,9920,1927,16332,11001,13701.0
MIR-542-5P,40056,9616,8136,8331,13318,14382,19354,10163,12946,15463,1576,18472,7573,21510.0
MIR-542-5P-2,12140,7997,6824,7675,8191,8383,10246,5790,7623,8644,2863,7919,6790,21273.0
MIR-543-3P,526,188,137,169,245,187,220,357,389,384,2288,1652,1955,2592.0
MIR-544,936,391,323,322,1123,1252,1089,613,1128,967,872,899,2042,6540.0
MIR-544-hsa,1359,641,547,537,1736,1866,1759,1039,1579,1617,2110,1365,2523,896.0
MIR-545,4393,1227,1186,1422,7507,7762,7877,5168,8160,9305,1540,5718,7178,10262.0
MIR-546,1092,2,17,32,301,461,479,410,367,430,240,514,392,
MIR-547-mmu,1940,1665,1131,1332,2051,2088,2526,2743,3472,3437,4848,9396,10978,1875.0
MIR-547-rno,5704,5088,3824,5039,5588,6202,6174,3589,4912,5387,1062,3967,5109,4337.0
MIR-548A-3P,2056,779,793,883,2572,2630,2587,1558,2816,3209,1481,2445,2732,530.0
MIR-548B-3P,449,479,296,344,485,508,581,456,626,626,2956,1910,2757,3844.0
MIR-548C-3P,4787,1351,1045,1303,5343,5757,6303,3038,4028,4843,2728,3804,4681,5668.0
MIR-548C-5P,977,287,198,307,1134,1031,1157,726,862,1077,218,529,799,255.0
MIR-548D-3P,359,551,401,464,575,523,586,516,697,718,4718,2332,3575,1868.0
MIR-549,5653,2305,1261,1597,2332,2547,3400,3287,3673,4999,6036,24099,12039,8604.0
MIR-550,309,119,95,84,56,113,158,147,352,630,798,1486,2826,2353.0
MIR-550-star,533,170,152,159,226,323,255,368,327,580,2319,2285,2153,3597.0
MIR-551A,28057,22217,19520,17829,21877,21140,26288,15497,20066,19667,4986,15820,8634,21810.0
MIR-551B,28828,12004,10566,9741,17391,17768,21024,12453,17022,18039,4228,7600,4582,19516.0
MIR-552,804,527,478,589,329,381,351,287,503,731,237,497,694,9380.0
MIR-553,106,89,100,83,68,92,84,147,100,135,1039,498,599,1272.0
MIR-554,1390,1152,1036,1013,1540,1425,1800,1501,2261,2297,2517,7385,4951,10677.0
MIR-555,487,241,302,233,170,218,280,346,603,683,1787,1702,1339,4646.0
MIR-556-5P,16425,10017,8228,9073,9066,8907,10641,6392,8871,8136,2337,4697,2265,1316.0
MIR-557,6690,8624,6725,7226,8569,9000,10447,10484,12964,13734,21933,27208,29999,5291.0
MIR-558,2891,728,436,421,897,835,1285,978,1516,1794,3443,9972,4883,9167.0
MIR-559,341,375,253,302,421,377,420,207,249,412,85,275,312,6316.0
MIR-560,532,77,41,82,303,299,420,243,296,357,151,494,457,69.0
MIR-561,245,332,267,321,467,508,470,423,529,841,1324,1775,2743,1918.0
MIR-562,3624,343,258,280,2216,2183,2711,1418,1906,2406,420,1798,1484,26122.0
MIR-563,13005,1485,1383,1449,8205,8225,10277,6177,8982,10632,3078,10628,9439,37784.0
MIR-564,13703,1274,996,1223,6178,5949,8467,4717,6106,9058,1284,9446,7233,8509.0
MIR-565,18627,17246,12153,13411,9613,9031,10982,14817,19521,18434,106626,61598,27643,12485.0
MIR-566,16258,962,784,573,5553,5082,7649,3267,4169,4477,1174,7760,1777,4651.0
MIR-567,5720,1468,1283,1390,2681,2989,3898,2393,3641,4199,1652,5400,6827,1104.0
MIR-568,589,123,110,149,432,611,672,435,571,712,320,401,515,526.0
MIR-569,2053,1531,860,1108,1462,1392,1949,1658,2021,2562,1686,11695,9667,5081.0
MIR-570,19089,1447,1070,1345,4080,4231,6845,3734,4865,7048,2466,17299,7670,1342.0
MIR-571,65705,18310,13443,15035,20698,21343,28763,16021,21059,21932,3514,15743,7857,7247.0
MIR-572,2319,1190,1073,1233,1408,1567,1695,856,1024,1253,911,1336,1076,16837.0
MIR-573,79887,45393,39828,48933,46216,49048,60544,39485,53730,62082,8523,25319,23115,4554.0
MIR-574-3P,962,302,321,344,284,295,570,304,499,1005,174,507,860,26813.0
MIR-574-5P,24539,13458,10156,11584,11365,12233,16212,17045,21097,22450,19794,98638,77612,6265.0
MIR-575,13987,1620,1225,1444,6420,6634,8614,4429,6660,7477,1483,10320,6610,37640.0
MIR-576-3P,4446,935,816,626,2877,2981,3593,1942,2726,3223,591,2359,2084,2184.0
MIR-576-5P,15024,12957,8811,9551,15651,15752,15288,8285,11205,11984,5086,3670,3961,1809.0
MIR-577,42061,18672,13686,11543,24740,23999,35196,16773,19441,26042,974,10552,4539,4682.0
MIR-578,3389,3589,2633,3511,2256,2520,2571,3970,5684,5877,12739,19140,23952,6773.0
MIR-579,303,489,374,373,303,333,361,483,610,700,5296,1637,1947,8739.0
MIR-580,96909,30029,26371,28444,53390,54042,71268,41479,57166,75154,3736,33508,15696,4206.0
MIR-581,3201,2874,2113,2519,5809,5907,5983,5689,7648,8724,8393,22586,26801,4064.0
MIR-582-3P,4473,2911,1953,2288,2908,3304,3459,1796,2191,3561,1735,2444,2453,36617.0
MIR-582-3P-hsa,394,49,39,68,226,194,250,182,245,548,332,293,747,1875.0
MIR-582-5P,842,1192,1306,1026,1327,1483,1581,1681,2316,2879,3624,6019,9672,6385.0
MIR-582-5P-2,314,239,176,141,324,346,361,415,469,689,539,1501,1685,4380.0
MIR-583,1327,374,190,323,855,1019,1218,618,1128,1277,944,1000,1570,3875.0
MIR-584,19119,18977,15497,18366,23588,25896,25749,17274,24577,25077,4420,6375,11126,5639.0
MIR-585,3172,837,709,662,1097,932,1613,1082,1017,1403,487,1945,857,4466.0
MIR-586,31560,15121,11801,11581,63964,61751,60603,34316,42435,42762,3151,25002,26567,6876.0
MIR-587,2705,957,753,1014,3288,3954,3757,2292,3560,4253,1873,2967,5112,5936.0
MIR-588,9575,1230,953,1084,4287,4136,6038,3386,4345,5085,2354,6820,3827,356.0
MIR-589-star,7105,6318,5423,6335,6065,6704,8279,4305,6708,8869,1039,4865,6798,29771.0
MIR-590-3P,330,473,354,302,740,508,651,573,734,666,709,1736,1649,1469.0
MIR-590-3P-rno,430,503,320,378,794,774,682,560,811,803,916,2234,2363,4572.0
MIR-590-5P,27547,12279,10542,11879,12209,12579,16309,9809,13766,17177,2060,5947,5235,38218.0
MIR-590-5P-rno,8245,3550,3161,3807,2925,2815,3806,2313,3105,3960,892,2174,1665,7301.0
MIR-591,4114,3207,2283,2239,3801,3644,4644,3534,4440,3846,11177,16594,5691,7300.0
MIR-592,3438,1677,1367,1253,1587,1942,2365,2170,2789,3399,3833,14217,9926,12674.0
MIR-593-star,68903,8595,7093,7073,33111,33548,46570,22637,31503,39041,5700,44391,29553,2664.0
MIR-594,8484,8580,6063,6129,4712,4917,5461,7708,10303,9811,96239,15385,16211,2112.0
MIR-595,5893,4328,3197,4203,2285,2663,3171,4295,5042,6604,6073,24617,22916,13165.0
MIR-596,4348,904,737,711,1856,1877,2058,1180,1523,2276,162,455,589,25248.0
MIR-597,533,231,234,201,243,306,338,360,430,503,2629,2562,1180,28811.0
MIR-598-3P,3140,2907,2399,2128,2202,2740,2796,1409,1894,1935,1143,2168,2282,17094.0
MIR-598-3P-hsa,13170,10856,9345,8537,13911,13302,14837,7923,10623,10816,1652,6944,8082,20001.0
MIR-599,14692,2520,1995,2279,10632,10235,11396,6307,8285,8385,3412,12002,11239,2139.0
MIR-600,1137,303,249,280,1155,954,1017,692,961,1095,931,763,905,3725.0
MIR-601,390972,150445,115221,127164,172705,189770,252106,143588,181360,174431,19957,110113,68273,18931.0
MIR-602,2047,262,248,315,616,650,932,546,868,951,151,1770,1310,2976.0
MIR-603,6322,1903,1678,1572,6916,6995,7537,3943,5992,6809,3690,5000,5348,970.0
MIR-604,14417,1178,946,914,5227,4433,6724,3869,5565,6989,2273,9657,8270,22874.0
MIR-605,1445,3196,2516,2679,3593,3899,3902,2337,3015,3022,5620,6858,9071,6533.0
MIR-606,10,14,16,35,27,20,11,37,25,36,58,89,59,7448.0
MIR-607,4325,728,495,508,2718,2446,3139,1482,2253,2885,1936,3697,3591,2534.0
MIR-608,5579,3927,3262,3772,3529,3733,4773,3674,4913,5076,5151,18771,11795,18656.0
MIR-609,2487,1419,1193,996,1664,1678,2052,2043,2870,2987,7024,8933,7405,3353.0
MIR-610,49889,19447,14732,17371,17503,17732,22314,15487,20469,22868,3192,29423,19498,46722.0
MIR-611,1975,214,237,221,811,914,1226,613,897,840,750,1463,877,5821.0
MIR-612,5449,7347,5207,5701,6568,6335,8125,6963,8014,7760,30103,21330,9042,2429.0
MIR-613,16364,2346,2005,1879,11328,10793,12599,6990,9135,11632,5127,9907,8396,671.0
MIR-614,4228,2652,2494,2790,2275,2654,2971,1923,2226,2419,487,1109,701,3651.0
MIR-615-3P,932,631,566,468,750,850,866,730,986,1255,8184,4254,5349,10793.0
MIR-615-5P,69819,4032,3480,3595,13627,14599,16467,9856,12894,13067,5946,24849,14805,9765.0
MIR-616-star,99,91,53,55,87,82,76,67,40,146,847,461,412,2689.0
MIR-617,17485,2473,2187,2497,10379,10586,13607,8591,12229,13833,1931,16852,12587,20031.0
MIR-618,50,91,65,77,101,133,157,115,212,206,244,397,642,6005.0
MIR-619,707,553,447,473,753,567,789,790,1025,936,861,2770,1572,1265.0
MIR-620,381,445,271,302,290,288,340,515,567,568,486,1342,1174,7266.0
MIR-621,1231,670,523,566,657,643,834,635,749,929,2667,5134,3015,36922.0
MIR-622,4295,1445,1150,1442,5240,5208,5755,3665,5234,5735,757,4017,4943,11351.0
MIR-623,468,856,994,1069,1384,1599,1360,1172,1655,1153,2655,2471,2107,6378.0
MIR-624,132,218,154,238,156,210,293,176,269,278,948,730,1210,2780.0
MIR-624-star,16838,10189,8616,8430,10496,10536,14304,7464,10575,13587,1639,10733,10592,584.0
MIR-625,10612,989,683,840,3247,3359,4441,2671,3803,4495,894,4211,2550,570.0
MIR-626,2251,977,506,634,850,861,1316,976,1189,1646,5888,9184,4908,12752.0
MIR-627,6545,3976,3417,4131,2982,3202,4439,2502,3278,4088,462,4447,3962,14194.0
MIR-628-3P,13165,8516,6648,6942,10623,10900,14118,7027,9074,11067,1580,8165,8671,9999.0
MIR-629,2381,237,171,149,156,237,327,372,668,1352,635,9102,9479,4723.0
MIR-629-star,5290,467,322,498,1829,1805,2141,1387,2031,4293,555,4370,7407,3373.0
MIR-630,1128,793,566,692,854,870,1362,1045,1403,1731,1632,5682,5963,3560.0
MIR-631,19400,1666,1325,1319,7258,7403,10452,5780,7854,10074,3169,13421,12518,23870.0
MIR-632,7406,4069,3972,4361,4212,4792,5026,3818,5010,5329,1420,5180,4931,4434.0
MIR-633,11761,9649,6312,6586,6754,7121,9684,4766,5851,7546,2569,8424,6774,1706.0
MIR-634,1442,325,345,410,1697,1745,1826,1013,1331,1449,354,694,659,15089.0
MIR-635,5606,1236,1173,1177,4491,4215,5100,2517,3688,4345,1339,3602,2822,2241.0
MIR-636,31258,17716,15032,17121,18909,19610,20634,15290,21383,22107,4190,22491,21943,24307.0
MIR-637,840,576,394,369,513,682,722,651,985,775,2192,2976,2755,12854.0
MIR-638,2022,1469,1398,1313,1293,1490,1910,1772,2278,2178,1605,8848,7119,2306.0
MIR-639,342,213,158,185,338,308,280,311,352,314,1093,939,635,4582.0
MIR-640,460,314,354,426,409,421,510,562,900,1148,1532,1823,2966,14152.0
MIR-641,647,208,87,251,367,452,615,284,606,482,218,372,643,10156.0
MIR-642,53147,36533,28365,29309,46144,46046,49528,26401,34506,33739,12132,13923,9081,2180.0
MIR-643,4237,2891,2218,2885,3273,3727,3623,2426,3518,3700,703,1102,1286,2922.0
MIR-644,19827,3133,2523,2428,13502,13272,16048,10080,13560,14708,4441,16969,16581,11111.0
MIR-645,4838,3388,2684,2434,4384,5021,5635,3230,4129,4632,1330,3523,2217,1627.0
MIR-646,1376,108,75,96,857,792,1056,582,807,873,356,534,575,7492.0
MIR-647,26638,4572,4170,3977,17191,16314,17963,10045,13759,13785,9797,16588,9463,7845.0
MIR-648,44,36,25,30,35,26,51,44,87,120,129,260,343,6321.0
MIR-649,1791,478,517,607,1735,1984,1819,1099,1563,1401,760,1202,1504,9092.0
MIR-650,9004,720,557,602,2836,2466,3899,2053,2512,3639,1600,5273,4829,15318.0
MIR-651,9921,13073,9790,10350,18474,19099,19254,11593,15673,16098,3179,3353,4080,212.0
MIR-652,1589,1799,1256,1670,2565,2337,2451,2192,2941,2398,2051,4772,3241,3531.0
MIR-653,8243,5379,4590,4503,6714,6841,7827,4411,6148,6895,3081,2177,1831,11431.0
MIR-653-rno,12499,7359,6219,6191,10051,10099,11348,6536,8948,10039,4585,2904,2809,3455.0
MIR-654-3P,481,634,594,601,505,701,751,656,910,1115,3547,1907,2876,8416.0
MIR-654-3P-rno,472,542,522,656,551,715,631,682,1085,1146,4444,2532,3507,8440.0
MIR-654-5P-hsa,278040,23022,19297,18623,94746,89979,124264,65908,84190,95751,15525,147043,63420,5563.0
MIR-654-5P-mmu,10190,3670,2485,2516,3837,3575,5342,4365,5396,6950,7939,37172,21094,8252.0
MIR-654-5P-rno,11180,3519,2542,2938,3918,4008,5540,4781,6137,7303,12272,38335,22616,10396.0
MIR-655,316,625,288,445,422,272,368,498,730,683,5246,1361,1775,547.0
MIR-656,138,114,57,139,94,107,147,137,160,246,231,242,290,654.0
MIR-657,244848,103508,92060,93135,148540,147173,178409,95301,126736,131909,18309,60845,26545,1978.0
MIR-658,18805,10822,8186,9704,11700,12288,16566,14175,18111,17386,12074,70418,26935,6431.0
MIR-659,3468,1796,1483,1712,2123,1917,2578,1414,1992,2196,796,2146,4280,18226.0
MIR-660,5356,5247,4135,4834,6190,6733,7086,3969,5625,5817,1238,1572,1686,16477.0
MIR-661,2635,2400,1897,2162,2456,2636,3262,3180,3915,3345,9332,10458,4710,6344.0
MIR-662,6946,4428,3998,3772,6270,6596,7532,4352,5723,6353,2184,1940,1546,6976.0
MIR-663,14543,1448,1041,1438,5242,5267,6607,4168,6144,6227,2088,9187,8396,64.0
MIR-664-3P,2582,3280,2202,2270,3746,3361,3714,1934,2491,2782,1042,1563,1890,3091.0
MIR-665,102,96,81,87,119,191,217,75,181,191,299,341,412,5998.0
MIR-665-hsa,8,31,13,5,46,5,34,24,24,40,91,121,66,1918.0
MIR-666-3P,1417,590,512,640,617,817,889,659,768,903,1322,6779,3818,40197.0
MIR-666-5P,17171,3102,2814,2699,10031,10954,15362,8631,12227,13729,2207,13248,11889,3859.0
MIR-667,95768,23361,18882,17338,29781,30545,45246,21951,31667,47444,3287,20498,9282,9799.0
MIR-668,59199,8119,6411,6311,29553,31284,38320,21894,28846,33090,8308,47556,35987,5288.0
MIR-669A,5410,7518,5280,6272,3294,3964,4528,5618,7412,8207,9772,29108,33581,5575.0
MIR-669B,1625,1781,1390,1701,937,1262,1431,1978,2262,2652,5698,9324,10329,6104.0
MIR-669C,1403,2021,1588,2108,2783,2396,2969,3304,4387,4081,4867,7378,14439,3858.0
MIR-670,1774,2523,2168,2784,2220,2589,2128,1489,2161,2097,651,1394,2120,23991.0
MIR-671-3P,11049,2155,1790,1612,10791,11146,12247,6552,9548,10802,3354,8138,8094,6037.0
MIR-671-5P,8730,3023,2491,2613,3813,4273,5504,2747,3767,3868,715,2212,1907,3175.0
MIR-672,70283,38797,32273,37396,36003,39375,47213,30026,37421,37359,8218,45305,32458,3366.0
MIR-673-3P,63555,11612,11029,9918,60109,60726,73644,38591,50354,56148,4352,39903,28080,3973.0
MIR-673-3P-rno,28832,5285,5422,5462,22691,22856,26377,15883,21977,27517,3998,20510,20882,12054.0
MIR-673-5P-mmu,17610,14795,13569,15492,17205,17665,20447,12618,17498,17775,7157,6340,6029,1544.0
MIR-673-5P-rno,6370,4617,4057,4109,5080,5405,6306,3848,4844,5059,3091,1891,1538,1416.0
MIR-674,2663,1480,1160,1297,897,1143,1149,671,1046,1354,1027,1718,1669,13967.0
MIR-674-star,1716,622,473,496,591,592,948,443,508,1513,557,1144,1819,8656.0
MIR-675,86051,27192,20517,21146,29354,29778,42014,23066,29028,31271,6311,14181,5179,18310.0
MIR-675-3P,5035,2804,2521,2822,4542,4771,4632,4865,7061,7329,16335,25097,25670,21573.0
MIR-675-5P,3368,761,610,682,930,885,1372,1292,1876,2000,2190,8105,4350,19070.0
MIR-676,4080,708,590,651,1008,1098,1337,1008,1667,2022,1489,14407,12746,2062.0
MIR-676-star,6436,1058,724,873,3741,3823,4627,2566,3476,4725,1303,3284,3915,7026.0
MIR-677,7749,11444,9529,10587,14887,14780,13727,8647,12376,11662,4577,7429,10581,2339.0
MIR-678,48520,28337,26051,31530,29532,32550,36335,22432,32668,33527,4363,17222,16759,16467.0
MIR-679,23747,11989,9825,12364,9387,10446,12547,14774,20483,23511,18149,103005,55965,9783.0
MIR-680,23607,8142,6560,6790,10807,10951,14586,8924,12238,13126,1384,4749,2891,7333.0
MIR-681,331,499,370,393,605,516,625,490,475,615,1725,1551,932,23557.0
MIR-682,59649,37061,31106,27846,51312,49671,62106,32774,43363,49481,6219,15961,7747,12987.0
MIR-683,11056,2818,2242,2288,10773,10357,11090,6224,8620,8812,10350,7893,7843,17342.0
MIR-684,18734,7006,4156,4495,7633,7527,9256,4508,5533,6250,4472,11968,7604,4064.0
MIR-685,1650,543,512,578,1886,1958,2560,1295,2000,2408,822,1498,2082,8520.0
MIR-686,1438,1090,857,1293,1334,1443,1170,836,1172,1079,469,1058,1353,22533.0
MIR-687,21662,16106,12243,13096,16628,17022,22408,11152,14067,16249,5320,15683,12126,22406.0
MIR-688,53360,3639,2926,2348,13416,12166,18561,8830,10914,14380,6653,25470,8128,9690.0
MIR-689,1649,103,89,115,591,705,884,557,829,638,433,1395,303,1131.0
MIR-690,1303,1285,1046,938,1162,1471,1548,609,887,1235,219,566,817,25961.0
MIR-691,667,798,543,929,594,799,811,412,669,761,257,538,1208,4913.0
MIR-692,2805,773,658,655,2936,3314,3124,1604,2236,2795,3128,2576,3097,8296.0
MIR-693-3P,2093,1480,1353,1380,891,912,1091,807,812,983,1058,1181,1130,1357.0
MIR-693-5P,18942,2067,1568,1354,8622,7450,9305,5176,6775,11435,4202,12556,14121,7207.0
MIR-694,69379,34477,24852,23580,51763,49264,63229,31824,42280,48150,4745,16200,12077,9442.0
MIR-695,35803,15844,11753,14219,12093,12895,17611,10959,14514,17886,4864,22936,23761,22480.0
MIR-696,138009,47074,38064,37793,62362,61394,75012,60176,74757,81039,16940,37791,23773,5504.0
MIR-697,1137,1340,855,1289,1304,1215,1546,683,1308,1380,267,699,987,49394.0
MIR-698,1290,886,680,615,1432,1381,1612,858,1216,1477,6607,6178,6514,6672.0
MIR-699,16835,7383,6372,6501,8711,8761,10597,6678,8834,10121,2649,3831,2309,6772.0
MIR-7,17464,9480,6116,7150,9273,10308,14288,10379,12215,13728,19494,81081,44394,5158.0
MIR-7-star,604,838,658,597,624,581,747,358,565,642,1241,592,3410,23419.0
MIR-700,4072,800,852,921,3492,3658,4502,2497,3621,3847,1669,2710,5610,19614.0
MIR-701,8746,9858,8119,8760,14164,14114,15774,8361,13045,13025,17097,6688,18234,54078.0
MIR-702,69753,6978,5671,5002,35764,34842,43336,22935,29669,32208,15,43629,59,19459.0
MIR-703,53,77,29,95,60,72,96,35,52,19,25914,32,34594,10108.0
MIR-704,192975,53960,52712,55367,70450,63339,65852,53072,73440,78273,38,58432,203,6445.0
MIR-705,878,257,248,263,379,401,517,349,331,348,734,395,1368,5004.0
MIR-706,2864,1766,1225,1237,1225,1177,1761,941,1049,1727,3613,2011,6452,5887.0
MIR-707,19665,13734,12084,11570,22784,23585,25655,16053,22345,27199,531,5074,2190,48394.0
MIR-708,9782,4465,3712,4289,5672,6453,8128,4921,6541,8845,670,2048,1610,11245.0
MIR-708-star,2538,910,727,1069,1013,1258,1167,834,1179,1960,675,756,7647,4802.0
MIR-709,17211,3968,3263,3626,3695,4107,6184,3308,4683,4684,8508,10274,10107,45507.0
MIR-710,30539,28366,25416,29935,32173,34854,38605,22237,31959,32277,12062,10003,36517,10346.0
MIR-711,403754,128055,105219,108057,133695,142304,208281,107075,146731,167108,2266,80216,4436,3410.0
MIR-712,3609,729,597,792,2350,2806,3222,1855,2685,3036,3997,3131,3540,11111.0
MIR-712-star,20885,6237,4902,5011,7049,7190,9168,5123,6518,6639,1721,4513,9942,56485.0
MIR-713,14099,1057,906,1098,5296,5701,7483,4269,6426,8313,5770,11624,5442,4168.0
MIR-714,25427,1742,1190,1359,6606,6540,9462,4935,6758,6777,10331,14968,2454,67777.0
MIR-715,12923,9552,7209,7951,13459,12040,14301,7966,10546,10509,5545,3602,3064,5386.0
MIR-717,496,718,477,483,421,527,658,818,1076,1275,5906,2842,1312,1121.0
MIR-718,5947,4976,4406,4443,6115,5741,6429,3958,4792,4355,4301,1821,1845,196.0
MIR-719,434,544,253,436,374,299,365,519,830,861,248,1678,795,8348.0
MIR-720,797,583,470,533,908,989,904,564,951,1033,28,664,102,33321.0
MIR-721,119,94,70,76,24,73,107,58,91,100,7191,72,41660,1848.0
MIR-741-3P,154256,53287,42982,47353,56950,58630,79932,39732,49933,57655,3470,98104,19671,6464.0
MIR-741-3P-rno,75087,24559,17017,19711,23862,23258,34502,16715,21809,26244,956,46406,1445,7619.0
MIR-742-mmu,4404,2332,1914,2202,1597,1683,2239,1076,1627,1725,2264,2571,1529,24051.0
MIR-742-rno,6517,3926,3084,3520,2857,3099,3885,1642,2424,2399,586,4077,1950,7829.0
MIR-742-star,2345,2936,2127,2127,3218,3074,3782,1813,2471,2898,714,1776,3963,3653.0
MIR-743A-mmu,9066,4442,3393,4188,2947,3442,4809,2538,3128,4478,622,6148,3172,20859.0
MIR-743A-rno,7944,4648,3623,4382,2545,2809,4293,2297,3101,4079,1408,5557,6691,37442.0
MIR-743B-3P-mmu,18223,8389,5943,7151,5295,5785,8688,4371,5912,6704,714,10689,3933,30887.0
MIR-743B-3P-rno,9902,4642,3491,3976,3213,3147,4803,2531,3551,4260,5469,6215,19425,21658.0
MIR-743B-5P,47611,18514,15936,17153,15027,14775,17027,13439,18795,21973,1334,25591,3845,11692.0
MIR-744,12372,4515,3842,3730,5286,5844,8014,3869,5604,6023,2419,6104,10161,7688.0
MIR-758,8655,3148,2582,2483,12881,13696,13889,8700,12711,14194,11705,7612,11844,2468.0
MIR-759,23836,4978,4057,4260,14674,14481,18590,9641,12553,14676,592,18074,1959,5841.0
MIR-760-3P,6840,2361,1931,2102,2550,2723,3857,2034,2852,3228,1778,3471,6844,4369.0
MIR-761,17681,16646,14301,14354,16041,17108,22250,10055,12663,12533,2531,12505,16955,28811.0
MIR-762,52920,3161,2808,2908,10602,11453,15997,8874,13396,13944,657,19742,1297,9045.0
MIR-763,1923,468,401,552,2028,2239,2378,1275,1764,1905,2259,1592,2203,16709.0
MIR-764-3P,3212,1497,1207,1232,1761,1492,2458,1310,2441,2346,19728,3636,24036,52463.0
MIR-764-5P,10979,5743,4328,4596,5544,5047,6189,4995,6600,6968,4204,41135,8588,53070.0
MIR-765,69091,24022,19116,22038,20785,22471,34283,19038,26134,24427,744,19065,3573,13081.0
MIR-766,4276,880,780,699,3490,3517,4339,2310,3510,4761,17276,2049,33520,16597.0
MIR-767-3P,8138,11986,8718,7803,12466,12312,15279,14799,18132,21118,12657,37676,13661,21551.0
MIR-767-5P,156498,86869,72761,67938,110590,109639,136535,70769,85393,85132,4644,36644,25705,5044.0
MIR-768-3P,16803,6644,6256,6630,15519,17871,21163,12676,17675,24313,10171,15604,43519,3348.0
MIR-768-5P,14244,11402,8960,12637,7029,7241,9985,12889,18019,16552,91688,62202,11360,4636.0
MIR-769-3P,3782,7254,4780,4497,5062,5589,6058,7970,9931,9196,9895,14914,12377,16035.0
MIR-769-5P,6175,4203,3268,2898,4963,5167,6433,4707,5854,5997,22880,28575,22692,6600.0
MIR-770-3P,237141,62135,52943,59002,60345,60457,82866,45519,64840,64390,8487,49734,9363,10692.0
MIR-770-3P-hsa,100245,31514,27447,30706,33648,35260,42985,26760,34449,33398,861,20437,2429,3680.0
MIR-770-5P,12741,4783,4107,4648,4542,4632,7176,4144,5368,7074,375,2908,3415,9331.0
MIR-770-5P-hsa,3869,2021,1664,2105,1596,1676,2703,1142,1993,2730,18092,2347,54595,11345.0
MIR-7B,22533,13300,8323,9451,12715,13107,19329,14647,16704,19131,360,94713,537,5317.0
MIR-801,49199,9605,9214,11216,23488,23872,28439,18891,25549,25508,8679,42830,31556,9250.0
MIR-801-mmu,48148,10172,9678,11585,18753,20355,26720,17468,24859,26149,5701,40700,35032,17793.0
MIR-802,893,1200,988,743,1191,1059,1293,987,1458,1646,4689,3825,3557,892.0
MIR-804,54838,22768,19494,19702,28912,28595,30986,17900,23562,24007,13746,34120,20050,4071.0
MIR-805,24301,9349,6878,8141,8879,9991,13683,7422,10743,11741,1965,7296,4462,29173.0
MIR-871-mmu,6217,6462,5476,6165,7023,7363,7435,4995,6874,8639,1426,2273,2745,1006.0
MIR-871-rno,3856,4926,4333,4779,5188,5377,5544,3494,5546,5511,775,2996,5982,2876.0
MIR-872,12048,5878,4903,5305,9471,9326,10773,6430,9522,10526,623,2409,3263,2491.0
MIR-873,946,745,862,998,1034,1070,1208,875,1258,1256,2032,5668,4447,3041.0
MIR-874,9212,4196,3719,3371,5137,5022,6133,3263,4799,5136,2466,4631,4004,48846.0
MIR-875-3P-hsa,8921,6556,5511,6141,7100,7807,8522,5252,7787,8560,2758,2330,2359,22592.0
MIR-875-3P-mmu,3818,2697,1944,2457,2745,3311,3722,1987,3208,3897,691,1134,778,21530.0
MIR-875-3P-rno,4406,2529,2140,2595,3581,3104,4699,2464,3798,4932,519,1021,1263,25567.0
MIR-875-5P,3053,3806,3462,4222,5797,6004,6096,3982,5455,6118,622,1440,1424,2706.0
MIR-876-3P-hsa,64277,30784,23909,24802,28319,29375,39851,20308,25452,28592,5052,34699,18940,1725.0
MIR-876-3P-mmu,15506,12147,8762,9319,13714,14354,19326,9097,11852,14060,1562,12013,8572,1435.0
MIR-876-3P-rno,166235,69358,50692,48917,69858,68906,92820,44528,52666,58996,9118,79302,34035,2369.0
MIR-876-5P-hsa,19045,8969,8343,9087,11169,12104,15263,9041,12107,13939,1352,15308,8823,4783.0
MIR-876-5P-mmu,8238,3451,2930,2817,2904,3506,4207,2426,3058,3660,2112,6741,3466,4012.0
MIR-876-5P-rno,22133,8590,8424,8429,11369,11938,15175,8911,11873,13483,1862,16810,9583,4336.0
MIR-877,20393,10760,8284,10313,11450,12539,17019,9272,14444,13256,1917,6082,5191,7160.0
MIR-878-3P-mmu,13685,9066,7208,7587,8429,8603,11866,5405,7848,9566,2758,9055,7200,64357.0
MIR-878-3P-rno,7886,5151,4027,4933,4655,4661,6988,3450,4413,5673,1104,5504,3845,26355.0
MIR-878-5P-mmu,4657,6259,4658,5645,7361,7169,7959,4419,6355,6840,646,3600,5589,2380.0
MIR-878-5P-rno,2083,3015,2632,2746,3502,4086,4264,2521,3572,3913,356,1496,2336,5231.0
MIR-879,2233,325,268,275,1434,1351,1894,1094,1512,1879,466,1998,1599,3512.0
MIR-880-mmu,2755,2837,2184,2634,3599,3236,3380,1835,2997,3069,860,2221,2346,15008.0
MIR-880-rno,1987,1923,2149,2433,2863,2943,3156,2141,2982,3210,548,2194,2472,15350.0
MIR-881-mmu,5188,3573,2741,3102,4523,4695,4824,2664,3703,3728,589,2875,3791,13360.0
MIR-881-rno,5434,3420,2438,2613,4317,3934,4381,2469,3102,3333,480,2725,2601,4707.0
MIR-882,10223,5860,3761,4369,5634,5959,8025,6845,9164,9688,6762,40001,28157,13979.0
MIR-882A,10332,2084,1707,2142,7766,8416,9990,6185,9042,10071,1200,7713,7636,4228.0
MIR-882B,9457,1631,1492,1920,8359,8759,9239,5433,8495,9779,1216,7446,7113,3340.0
MIR-883A-3P-hsa,85,91,65,119,99,79,105,103,224,282,953,510,647,4161.0
MIR-883B-3P,69,45,65,75,52,42,101,67,111,115,581,334,398,2764.0
MIR-883B-5P,2551,3357,2515,3414,3564,3439,4281,2189,3290,3599,239,1779,2186,10231.0
MIR-885-3P,11689,5783,4389,4622,4485,4006,6182,3367,4365,4616,1832,5722,4077,162.0
MIR-885-5P,655,697,461,443,799,927,1086,1021,1483,1833,2145,3266,3242,6876.0
MIR-886-3P,2027,642,488,556,725,674,695,852,1107,756,10005,8169,2543,16629.0
MIR-886-5P,297856,91281,78348,85622,105267,105170,141043,82176,112056,124978,14290,61646,35682,41016.0
MIR-887,14360,6851,5834,5781,7197,7259,9078,5607,7763,8523,1670,3240,2885,34325.0
MIR-888,1153,1425,956,1152,1570,1590,1961,794,1253,1471,160,848,869,9524.0
MIR-888-star,620,223,116,216,157,155,268,174,225,210,157,348,219,2033.0
MIR-889,709,1158,634,867,886,829,1037,983,1369,1526,2898,3312,3575,3028.0
MIR-890,2773,2086,1547,1627,2771,2587,2865,1399,2245,2420,610,866,799,4767.0
MIR-891A,25647,6565,5008,5523,5795,6076,9215,4597,6551,9576,1699,13752,9823,31440.0
MIR-891B,84012,29167,23406,22373,32396,31282,40461,20005,25379,29455,7484,48830,22418,12817.0
MIR-892A,18543,13149,10828,10994,16066,16268,17363,10902,14997,14796,4234,4873,6431,10388.0
MIR-892B,6755,6748,5456,6114,8030,8551,8840,5328,7617,7489,2224,5849,6123,6749.0
MIR-9,35980,41744,30665,29777,46603,47132,54934,27874,34775,40192,7862,29486,27990,3384.0
MIR-9-star,203,20,4,33,85,88,49,36,88,127,1615,873,3325,750.0
MIR-92A,502,669,418,412,690,511,702,823,801,1207,839,1861,3946,9431.0
MIR-92B,2527,593,619,612,3160,2536,2957,1842,2830,4015,3147,2080,3590,6943.0
MIR-93,8849,12896,11440,13349,11043,11117,11516,7583,11059,10516,768,2764,6985,18428.0
MIR-95,6183,8482,6502,6831,11424,12853,12645,7249,9708,10596,7556,5125,18327,7307.0
MIR-96,2565,4266,3414,3560,5119,5611,5728,4846,6707,7181,30966,13412,24899,1737.0
MIR-98,12988,8112,4361,5176,5986,5693,8072,8691,10486,8979,1896,45655,1799,1658.0
MIR-99A,7926,3684,3891,4371,5255,4952,4843,3088,4916,4642,1530,1713,2482,62837.0
MIR-99B,8061,4897,3891,4319,7059,6915,8574,4592,6345,7514,86,2221,776,13364.0
RLCV-1,25,53,31,65,56,29,45,71,83,146,524,164,362,11560.0
RLCV-10,127879,53202,42730,39824,59717,61816,81723,45027,56505,69375,5950,28111,17866,15530.0
RLCV-11,69183,21730,18730,21317,25748,27767,41013,23593,33479,43504,2476,19376,10866,13531.0
RLCV-12-3P,5220,3280,2663,3797,2796,3169,3559,1995,2821,3579,412,2264,3177,54191.0
RLCV-12-5P,21575,9391,7792,8935,9589,10867,15595,8740,12138,16068,2057,5401,4434,39544.0
RLCV-13,19164,8879,7301,9446,6477,7630,9966,5635,8525,9203,1597,11489,9022,35134.0
RLCV-14-3P,23248,1427,1153,1205,5791,5894,9308,4562,5802,8048,2988,12484,6391,39980.0
RLCV-14-5P,9971,4359,3715,3680,3054,3448,4050,7361,9629,11798,13297,28547,17779,16437.0
RLCV-15,1391,3058,2647,2914,1969,2293,2643,3882,4998,5521,30283,7854,12116,2378.0
RLCV-16-3P,5113,1582,1237,1503,6603,6297,6905,4289,6383,7202,4454,4318,5392,2097.0
RLCV-2,21294,34776,28179,25176,49223,49419,51902,29630,37555,39792,7004,14681,17539,5208.0
RLCV-3,25164,9826,7224,6185,11044,9769,13090,7558,9368,11471,18285,65928,21639,19997.0
RLCV-4-3P,416,609,405,537,513,403,620,582,1062,1451,2401,2324,2704,8105.0
RLCV-4-5P,197,251,177,279,288,153,254,456,641,587,2131,784,1168,9647.0
RLCV-5-3P,572,139,252,170,145,143,267,337,274,354,1033,2182,1015,7185.0
RLCV-5-5P,360,513,342,501,556,574,591,511,568,634,900,1302,1732,4803.0
RLCV-7,53536,12716,11477,12870,13139,12859,18804,10764,14947,18282,6579,12424,4721,28820.0
RLCV-8,5530,7387,6727,8693,7337,7423,7706,4798,6880,6915,1068,1685,2033,18775.0
RLCV-9,18649,5399,4231,3336,6443,6898,8659,7335,9418,13287,10810,55718,26000,21782.0
SV40-S1-3P,1628,1231,840,876,1595,1536,2060,2223,2789,2856,5410,8295,7775,28632.0
SV40-S1-5P,1559,745,439,578,608,691,976,920,1178,1052,3781,6702,3208,827.0
